,Lon,Lat,Edo,Clave,Est,ENE,FEB,MAR,ABR,MAY,JUN,JUL,AGO
0,-102.71,21.85,AGS,CALVILLO,"Calvillo, Ags. SMN*",18.17,0.0,0.0,0.0,5.32,101.27,18.3,105.47
1,-102.68,22.0,AGS,CDRAG,"La Codorniz, Ags.",16.7,0.0,0.0,0.0,0.0,35.0,139.0,156.3
2,-102.0,21.9,AGS,CNSAG,"Los Conos, Ags.",13.2,0.0,2.31,0.0,3.22,46.72,100.4,160.73
3,-102.3,22.36,AGS,CSOAG,"Cosío, Ags.",7.2,0.0,0.3,0.0,12.0,17.28,39.3,40.33
4,-102.36,22.12,AGS,JCQAG,"Jocoque, Ags.",6.3,0.0,0.0,0.0,5.0,24.32,43.1,108.32
5,-102.79,21.81,AGS,MNLAG,"Media Luna, Ags.",24.3,0.0,0.0,0.0,6.0,96.42,131.4,226.03
6,-102.37,21.78,AGS,NGRAG,"El Niagara, Ags.",5.51,0.0,0.0,0.0,0.01,19.96,173.3,155.45
7,-102.29,21.85,AGS,OBSAG,"Observatorio de Aguascalientes, Ags.",8.71,0.0,0.01,0.0,2.91,39.64,145.8,156.71
8,-102.29,22.16,AGS,PBLAG,"Pabellón, Ags.",6.8,0.0,0.0,0.0,0.5,24.73,57.8,90.21
9,-102.42,22.14,AGS,PECAG,"Plutarco Elías Calles, Ags.",6.0,0.0,0.0,0.01,3.3,48.03,45.3,161.02
10,-102.13,22.2,AGS,PTOAG,"Puerto de la Concepción, Ags.",11.53,0.01,0.02,0.0,0.04,32.6,32.0,151.52
11,-102.44,22.24,AGS,PTRAG,"Derivadora Pabellón, Ags.",17.41,0.0,1.5,0.0,0.02,46.85,61.1,107.42
12,-116.91,32.44,BC,ALRBN,"Abelardo L. Rodríguez, B.C.",48.2,121.71,24.3,3.8,19.93,0.01,0.0,0.0
13,-114.72,29.73,BC,CATAVINA,"Cataviña, B.C. SMN*",11.31,18.39,13.88,0.25,0.0,0.0,0.8,0.25
14,-116.7,32.48,BC,CRRBN,"El Carrizo, B.C.",58.7,132.22,15.71,2.4,29.93,0.0,1.4,0.0
15,-116.83,32.47,BC,EFLBN,"El Florido, B.C.",20.6,105.23,17.21,1.55,20.54,0.0,0.0,0.0
16,-116.6,31.89,BC,ELZBN,"Emilio López Zamora, B.C.",48.42,112.62,15.7,6.01,15.22,0.0,1.6,0.01
17,-115.15,32.41,BC,ENLBN,"Ejido Nuevo León, B.C.",8.9,2.01,4.91,0.5,0.0,0.0,0.0,0.02
18,-114.73,32.7,BC,JMRBN,"Interconexión José María Morelos y Pavón, B.C.",3.51,6.02,1.41,0.01,0.0,0.0,0.0,0.02
19,-115.27,32.39,BC,MXCBN,"Mexicali, B.C.",9.31,8.61,0.61,0.2,0.02,0.0,0.0,0.03
20,-114.73,32.7,BC,PDMBN,"Presa Derivadora Morelos, B.C.",3.51,6.02,1.61,3.51,0.0,0.0,0.0,0.01
21,-117.07,32.38,BC,PLAYAROSARITO,"Playa Rosarito, B.C. SMN*",73.4,89.0,14.8,6.8,12.4,0.4,0.0,0.2
22,-114.85,31.03,BC,SFLBN,"San Felipe, B.C.",1.2,3.1,9.8,0.0,0.0,0.0,4.2,0.0
23,-111.66,25.0,BCS,CCNBS,"Ciudad Constitución, B.C.S.",4.1,1.4,6.6,0.0,0.0,0.0,0.2,10.0
24,-113.42,27.78,BCS,DORBS,"Díaz Ordaz, B.C.S.",6.4,1.04,11.02,0.0,0.01,0.0,0.0,0.0
25,-114.05,27.97,BCS,GNGBS,"Guerrero Negro, B.C.S.",8.0,8.75,13.5,0.0,0.01,0.0,0.0,0.02
26,-109.7,23.68,BCS,LBABS,"Los Barriles, B.C.S.",8.01,0.0,0.0,0.0,0.0,0.0,0.0,58.02
27,-110.37,24.15,BCS,LPZBS,"La Paz, B.C.S.",13.81,0.02,1.0,0.0,0.0,0.01,11.3,18.41
28,-111.34,26.02,BCS,LRTBS,"Loreto, B.C.S.",13.7,0.21,0.0,0.0,0.0,0.0,0.0,89.81
29,-112.0,26.87,BCS,MLGBS,"Mulege, B.C.S.",16.5,0.4,0.0,0.0,0.0,0.0,1.0,4.5
30,-109.98,24.07,BCS,PLNBS,"Los Planes, B.C.S.",16.51,0.0,0.0,0.0,0.0,0.0,0.0,15.01
31,-109.98,24.07,BCS,PLNBS,"Los Planes, B.C.S.",16.51,0.0,0.0,0.0,0.0,0.0,0.0,23.6
32,-109.98,24.07,BCS,SARBS,"El Sargento, B.C.S.",13.01,0.01,0.0,0.0,0.0,0.01,0.0,15.01
33,-109.98,24.07,BCS,SARBS,"El Sargento, B.C.S.",13.01,0.01,0.0,0.0,0.0,0.01,0.0,23.6
34,-109.55,23.58,BCS,RBRBS,"La Ribera, B.C.S.",3.51,0.0,0.01,0.0,0.0,0.0,0.0,104.91
35,-110.05,23.8,BCS,SANBS,"San Antonio, B.C.S.",21.62,0.01,2.7,0.0,0.0,0.01,55.4,54.74
36,-109.84,23.74,BCS,SBABS,"San Bartolo, B.C.S.",12.0,1.0,0.0,0.0,0.0,0.0,18.0,59.0
37,-109.71,23.12,BCS,SJCBS,"San José del Cabo, B.C.S.",2.0,0.0,0.0,0.0,0.0,0.0,12.0,121.0
38,-110.0,23.56,BCS,SLAGUNA,"Sierra La Laguna, B.C.S. SMN*",22.4,0.0,6.2,0.0,0.0,0.0,40.4,151.0
39,-109.72,23.45,BCS,SNTBS,"Santiago, B.C.S.",9.21,0.0,0.0,0.0,0.0,0.0,0.0,64.02
40,-112.28,27.3,BCS,SRLBS,"Santa Rosalía, B.C.S.",13.01,0.01,0.0,0.0,0.0,0.0,4.5,0.0
41,-110.22,23.43,BCS,TSNBS,"Todos Santos, B.C.S.",26.51,0.0,2.0,0.0,0.0,0.0,0.0,89.0
42,-89.74,20.0,CAMP,BOLCA,"Bolonchen, Camp.",54.0,30.0,15.0,33.0,133.0,264.0,236.5,136.0
43,-90.58,19.3,CAMP,CANCA,"Canasayab, Camp.",29.92,9.11,0.03,60.5,105.5,351.72,227.4,167.81
44,-91.76,18.65,CAMP,CARCA,"El Carmen, Camp.",7.41,4.01,151.41,47.72,122.3,304.1,83.5,65.81
45,-91.77,18.66,CAMP,CDCCA,"Ciudad del Carmen, Camp. SMN*",16.0,9.2,84.4,35.2,188.0,162.0,70.8,53.8
46,-90.72,19.36,CAMP,CHMCA,"Champotón, Camp.",38.01,4.02,37.0,71.01,46.0,233.51,246.0,138.01
47,-90.54,19.84,CAMP,CMPCA,"Campeche, Camp.",24.5,3.5,1.0,41.5,89.51,309.5,218.0,193.4
48,-91.05,18.18,CAMP,CNDCA,"Candelaria, Camp.",10.45,7.41,25.12,22.4,108.3,446.71,204.9,52.73
49,-90.51,19.84,CAMP,COBCA,"Observatorio de Campeche, Camp.",22.4,5.32,4.03,34.5,94.31,296.61,174.3,237.31
50,-90.74,18.6,CAMP,ESCCA,"Escárcega, Camp.",17.93,4.0,70.31,9.3,82.21,275.11,216.1,220.02
51,-90.11,20.18,CAMP,HECCA,"Hecelchakan, Camp.",20.0,75.0,45.0,0.0,147.1,310.0,264.0,108.0
52,-89.85,19.75,CAMP,HPOCA,"Hopelchen, Camp.",52.8,1.2,66.7,43.6,67.7,154.1,187.4,122.0
53,-90.82,18.06,CAMP,MONCLOVACAMP,"Monclova, Camp. SMN*",15.4,31.6,54.2,52.8,106.8,355.8,217.8,147.2
54,-90.22,19.61,CAMP,NYXCA,"Noh-Yaxché, Camp.",6.1,0.6,28.2,6.5,35.1,133.3,173.8,247.4
55,-90.37,19.94,CAMP,PETENES,"Los Petenes, Camp. SMN*",15.8,2.4,2.2,4.6,81.2,190.8,135.4,157.4
56,-92.09,18.25,CAMP,PLZCA,"Palizada, Camp.",33.0,16.0,46.5,17.01,54.5,360.5,68.5,55.81
57,-91.18,18.97,CAMP,SBNCA,"Sabancuy, Camp.",8.0,7.5,34.61,61.0,56.71,248.81,197.2,138.6
58,-102.59,22.18,CAMP,XPJCA,"Xpujil, Camp.",21.0,19.5,29.5,15.5,3.0,141.5,24.2,59.2
59,-107.48,28.48,CHIH,AGZCH,"Abraham González, Chih.",20.0,19.51,9.01,0.0,0.0,15.52,84.0,192.52
60,-107.26,28.77,CHIH,BACCH,"Bachíniva, Chih.",13.0,24.5,5.0,0.0,0.0,8.5,87.2,102.5
61,-108.21,28.21,CHIH,BSSCH,"Basaseachi, Chih.",75.9,198.5,64.0,0.0,6.4,43.9,361.4,485.5
62,-107.72,27.03,CHIH,BTPCH,"Batopilas, Chih.",15.61,28.11,16.2,0.0,0.0,8.2,176.9,170.23
63,-106.5,29.05,CHIH,C08099,"Majalca, Chih.",10.0,1.5,1.0,0.0,0.0,10.0,123.0,139.0
64,-108.08,29.22,CHIH,C08219,"Peñitas, Chih.",20.5,45.5,36.0,1.0,3.0,6.5,114.0,182.5
65,-107.7,28.75,CHIH,C08243,"Tejolocachi, Chih.",17.2,4.3,11.3,0.0,15.0,68.0,61.8,128.56
66,-105.97,28.7,CHIH,C08270,"La Mesa, Chih.",6.72,0.0,1.5,0.0,0.0,30.23,37.4,50.14
67,-107.93,30.38,CHIH,CAGCH,"Casas Grandes, Chih.",5.3,2.71,11.51,0.01,0.0,66.3,36.2,64.85
68,-105.45,28.21,CHIH,CDLCH,"Ciudad Delicias, Chih.",11.51,0.0,0.01,0.0,0.0,3.03,24.6,43.94
69,-106.77,26.23,CHIH,CHNCH,"Chinatú, Chih. SMN*",27.53,3.03,11.63,0.0,0.0,54.79,158.7,206.49
70,-106.17,28.57,CHIH,CHUCH,"Chihuahua, Chih.",6.4,0.01,2.5,7.0,0.0,24.4,52.3,95.12
71,-106.4,31.74,CHIH,CJZCH,"Ciudad Juárez, Chih.",4.02,1.0,3.52,0.0,5.0,47.0,4.6,33.0
72,-105.38,27.41,CHIH,CL2CH,"Colina (hidrométrica), Chih.",8.01,0.0,2.5,0.0,0.0,44.5,71.0,20.1
73,-108.54,27.42,CHIH,CNDCH,"Chinipas, Chih.",44.01,33.03,16.01,0.0,0.0,2.0,168.0,151.12
74,-106.12,28.61,CHIH,ERECH,"El Rejón, Chih.",6.4,0.01,2.5,7.0,0.0,24.4,52.3,103.11
75,-105.63,28.17,CHIH,FIMCH,"Francisco I. Madero, Chih.",10.02,0.0,0.02,0.0,0.0,14.03,31.0,48.01
76,-107.07,26.82,CHIH,GCCCH,"Guachochi, Chih. SMN*",34.0,15.6,10.0,0.0,0.6,22.2,106.4,93.8
77,-108.3,29.2,CHIH,GPCCH,"Guapoca, Chih.",25.4,62.02,42.02,0.11,3.4,3.73,112.0,153.5
78,-107.88,26.87,CHIH,IGNCH,"San Ignacio, Chih.",25.0,13.52,13.0,0.0,0.0,4.0,151.5,250.0
79,-104.91,27.13,CHIH,JMNCH,"Jiménez, Chih.",7.4,0.0,0.0,0.0,0.0,7.0,31.6,10.88
80,-105.41,27.54,CHIH,LBQCH,"La Boquilla, Chih.",10.51,0.02,1.5,0.0,1.0,67.02,56.5,50.55
81,-107.03,29.88,CHIH,LJSCH,"Las Lajas, Chih.",4.5,4.0,2.0,0.0,1.81,19.31,30.4,81.66
82,-105.28,28.98,CHIH,LLNCH,"Ing. Luis L. León, Chih.",7.51,0.02,4.01,0.0,0.0,45.53,37.0,21.31
83,-107.99,27.86,CHIH,MAGCH,"Maguarichi, Chih. SMN*",4.32,5.08,2.79,0.0,0.26,15.49,92.7,130.05
84,-104.41,29.56,CHIH,OJNCH,"Ojinaga, Chih.",13.02,1.0,4.51,0.0,0.0,57.0,19.0,5.81
85,-105.25,26.55,CHIH,PAGCH,"Pico del Águila, Chih.",6.02,0.03,0.04,0.0,8.71,7.04,95.1,24.89
86,-105.62,28.17,CHIH,PFCOIMADERO,"Presa Francisco I. Madero, Chih. SGT*",7.25,0.0,0.25,0.0,0.0,7.5,12.8,30.25
87,-105.68,26.92,CHIH,PRRCH,"Parral, Chih.",11.74,1.1,0.61,0.0,0.02,68.4,87.4,75.12
88,-106.09,28.66,CHIH,QIJCH,"Observatorio de Chihuahua, Chih.",6.41,0.01,2.5,14.0,0.0,24.4,52.3,95.12
89,-107.85,28.95,CHIH,TMCCH,"Temósachic, Chih.",8.36,39.12,16.22,0.01,0.41,6.43,55.5,177.44
90,-107.38,29.56,CHIH,TNTCH,"El Tintero, Chih.",7.0,2.01,9.0,0.0,2.0,16.15,45.6,72.06
91,-107.91,27.22,CHIH,URECH,"Urique, Chih.",33.71,45.51,7.5,0.0,0.0,35.5,243.9,175.92
92,-107.92,27.22,CHIH,URICH,"Urique, Chih. SMN*",22.86,42.69,5.59,0.0,0.25,4.82,102.4,36.05
93,-105.16,26.74,CHIH,VICCH,"Villa Coronado, Chih.",6.04,0.03,0.04,0.0,8.71,7.04,95.1,24.9
94,-105.81,27.45,CHIH,VZRCH,"Valle de Zaragoza, Chih.",11.01,0.0,0.01,0.01,0.0,43.51,31.0,61.04
95,-92.78,16.4,CHIS,ANGCP,"Doctor Belisario Domínguez, Chis.",0.01,0.0,0.0,0.0,235.82,181.61,39.8,171.21
96,-93.9,16.24,CHIS,AROCP,"Arriaga, Chis.",14.2,0.0,0.0,2.0,278.61,411.02,169.4,303.31
97,-93.15,16.64,CHIS,BOQCP,"Boquerón, Chis.",0.0,0.0,0.0,0.0,130.0,99.6,65.9,135.4
98,-92.72,15.35,CHIS,CACCP,"Cacaluta, Chis.",5.9,43.7,18.34,0.03,704.7,523.51,395.6,657.61
99,-92.49,16.31,CHIS,CASCAJAL,"Cascajal, Chis. SGT*",1.0,2.4,2.2,4.2,128.8,149.6,86.6,85.2
100,-92.48,16.31,CHIS,CASCP,"Cascajal, Chis.",0.0,0.01,1.2,1.8,130.93,174.73,68.2,118.93
101,-92.48,15.97,CHIS,CATARINITAS,"Catarinitas, Chis. SGT*",0.0,0.2,16.6,2.6,72.0,255.4,55.4,131.6
102,-91.95,17.85,CHIS,CATAZAJA,"Catazajá SGT, Chis",35.4,26.0,17.6,8.7,60.4,168.0,11.6,100.4
103,-91.7,17.47,CHIS,CHACAMAX,"Chacamax, Chis. SGT*",130.0,75.4,39.6,11.4,40.6,296.8,87.8,127.0
104,-91.71,16.38,CHIS,CHAYABE,"Finca Chayabé OCFS, Chis.",83.5,106.1,79.1,54.9,280.2,399.0,202.5,219.7
105,-92.28,15.75,CHIS,CHICOMUSELO,"Chicomuselo, Chis. SGT*",4.8,19.0,0.2,12.2,131.0,197.6,111.8,177.2
106,-93.1,16.94,CHIS,CHICP,"Manuel Moreno Torres, Chis.",4.4,1.1,2.3,0.0,182.3,124.81,57.5,200.6
107,-92.28,15.75,CHIS,CHMCP,"Chicomuselo, Chis.",0.8,0.0,0.8,10.7,106.8,194.4,91.7,222.99
108,-92.1,16.2,CHIS,COOCP,"Observatorio de Comitán, Chis.",2.24,16.7,4.22,15.7,203.03,144.21,21.9,163.41
109,-92.58,15.2,CHIS,DESCP,"Despoblado, Chis.",6.41,17.51,50.71,2.0,439.82,317.52,424.8,721.04
110,-92.59,16.69,CHIS,ELAGUAJE,"El Aguaje, Chis. SGT*",5.6,4.8,6.6,16.8,271.6,170.8,92.8,109.6
111,-92.95,15.5,CHIS,ELNCP,"El Novillero, Chis.",29.01,0.01,0.02,0.0,238.04,404.02,366.5,405.52
112,-92.81,15.66,CHIS,ELTRIUNFO,"El Triunfo, Chis. SMN*",22.4,11.6,3.6,48.0,329.6,620.8,109.6,384.8
113,-92.76,15.07,CHIS,ENCRUCIJADA,"La Encrucijada, Chis. SMN*",0.0,0.0,4.4,0.2,171.6,142.0,270.2,73.4
114,-92.83,17.37,CHIS,ESCALONCP,"El Escalón SGT, Chis.",263.2,202.5,114.3,116.0,125.4,615.9,167.3,153.7
115,-92.67,15.32,CHIS,ESCCP,"Escuintla, Chis.",6.71,83.01,13.2,4.5,543.0,522.6,396.6,484.21
116,-92.67,15.33,CHIS,ESCUINTLA,"Escuintla SMN, Chis.",0.0,25.0,1.0,18.25,387.25,350.5,175.8,490.75
117,-93.12,16.98,CHIS,GRICP,"Grijalva, Chis.",6.2,0.0,0.0,0.0,225.6,88.02,131.6,171.5
118,-92.4,15.0,CHIS,HUECP,"Huehuetán, Chis.",3.41,0.72,5.2,51.1,309.53,397.22,245.2,375.94
119,-92.47,15.13,CHIS,HUICP,"Huixtla, Chis.",30.0,22.0,30.2,8.6,471.91,456.2,354.9,728.0
120,-92.47,15.15,CHIS,HUIXTLA,"Huixtla, Chis. OCFS*",26.2,23.2,28.2,14.9,439.6,442.9,341.3,688.8
121,-92.18,14.63,CHIS,ILRAYON,"Ignacio López Rayón, Chis. OCFS*",0.0,0.4,6.1,0.0,143.8,128.0,23.5,179.0
122,-92.72,15.89,CHIS,JALTENANGO,"Jaltenango, Chis. SGT*",0.6,0.0,41.8,0.0,150.4,335.0,114.0,282.8
123,-92.72,15.87,CHIS,JAPCP,"Jaltenango, Chis.",2.0,0.0,38.1,0.0,173.9,310.96,108.1,325.44
124,-93.38,17.36,CHIS,JDGCP,"Juan de Grijalva, Chis.",223.1,327.0,488.4,55.3,89.22,334.4,379.0,158.51
125,-93.38,17.36,CHIS,JDGCP,"Juan de Grijalva, Chis.",223.1,327.0,488.4,55.3,89.22,334.4,365.2,158.5
126,-92.9,16.0,CHIS,JSBCP,"Juan Sabines, Chis.",2.5,0.0,0.0,9.7,135.94,312.13,153.5,252.31
127,-93.6,17.18,CHIS,MALCP,"Nezahualcóyotl, Chis.",84.62,57.8,75.8,12.81,97.8,168.1,145.4,140.5
128,-92.88,15.45,CHIS,MAPCP,"Mapastepec, Chis.",40.02,11.0,10.52,0.01,390.04,465.53,560.0,571.53
129,-92.0,16.0,CHIS,MOZCP,"Mozotal, Chis.",2.0,0.0,0.0,18.1,175.1,200.3,88.1,147.2
130,-93.63,16.49,CHIS,NVAPALESTINA,"Nueva Palestina, Chis. SGT*",0.0,1.6,5.6,0.6,152.6,323.6,119.0,321.6
131,-92.34,16.85,CHIS,OXCHUC,"Oxchuc, Chis. SGT*",54.0,37.6,40.8,2.8,170.2,143.2,64.0,118.6
132,-91.97,15.85,CHIS,PCOCP,"Puente Concordia, Chis.",3.61,0.01,3.51,1.6,59.51,90.61,18.9,174.73
133,-93.46,17.45,CHIS,PENCP,"Ángel Albino Corzo, Chis.",156.7,182.32,280.9,29.7,105.6,284.83,280.0,264.51
134,-93.22,15.69,CHIS,PIJCP,"Pijijiapan, Chis.",0.0,0.0,11.3,0.0,323.6,299.21,304.8,409.5
135,-93.55,17.35,CHIS,RCACP,"Rómulo Calzada, Chis.",143.3,142.8,121.6,4.4,33.2,187.2,155.1,130.0
136,-92.67,15.92,CHIS,REFCP,"Reforma, Chis.",0.7,0.51,63.5,0.0,255.82,272.6,220.1,357.02
137,-93.08,16.16,CHIS,REVCP,"Revolución Mexicana, Chis.",0.0,0.01,0.0,0.0,117.4,260.8,288.7,249.2
138,-92.35,17.57,CHIS,SAACP,"Salto de Agua, Chis.",219.0,68.1,55.9,47.2,193.9,424.2,132.8,167.4
139,-93.38,17.42,CHIS,SAYCP,"Sayula, Chis.",219.4,326.21,567.3,63.91,106.8,403.6,290.5,251.62
140,-93.38,17.42,CHIS,SAYCP,"Sayula, Chis.",219.4,326.21,567.3,63.91,106.8,403.6,179.6,152.8
141,-93.38,17.42,CHIS,TAPILULA,"Tapilula, Chis. SGT*",132.3,138.1,97.0,49.3,289.0,320.3,290.5,251.62
142,-93.38,17.42,CHIS,TAPILULA,"Tapilula, Chis. SGT*",132.3,138.1,97.0,49.3,289.0,320.3,179.6,152.8
143,-92.63,16.73,CHIS,SCOCP,"Observatorio de San Cristóbal, Chis.",1.41,2.3,4.01,4.0,306.51,224.0,79.6,134.7
144,-92.62,16.74,CHIS,SCRCP,"Puente Morelos (San Cristóbal Cabañas), Chis.",2.16,2.71,7.32,6.8,237.12,286.61,82.0,118.96
145,-92.11,15.78,CHIS,SDOCP,"Santo Domingo, Chis.",0.01,0.01,0.0,0.0,165.71,195.9,101.9,201.41
146,-92.32,15.56,CHIS,SILTEPEC,"Siltepec, Chis. SGT*",59.4,7.0,5.6,5.0,156.2,272.6,135.4,198.2
147,-93.55,17.35,CHIS,SITALA,"Sitala, Chis. SGT*",105.8,94.4,78.9,81.0,116.3,251.2,78.7,117.1
148,-92.92,17.5,CHIS,SJOTB,"San Joaquín, Chis.",166.1,210.1,132.5,73.2,102.0,361.6,160.5,134.94
149,-92.24,15.78,CHIS,SMICP,"San Miguel, Chis.",0.42,0.0,1.11,0.81,110.52,102.65,111.0,185.9
150,-92.82,16.94,CHIS,SNACP,"Santa María, Chis.",73.8,55.7,43.4,10.7,150.1,149.01,101.7,268.11
151,-92.27,14.9,CHIS,TAMCP,"Tapachula (Malpaso), Chis.",5.5,0.0,5.02,25.51,351.5,722.51,197.0,680.5
152,-92.18,14.9,CHIS,TAPCP,"Tapachula, Chis.",0.0,6.3,0.0,1.0,233.11,324.3,129.9,218.2
153,-93.53,15.88,CHIS,TPICP,"Tres Picos, Chis.",0.0,0.0,0.0,1.0,379.4,375.2,254.7,424.5
154,-93.1,16.76,CHIS,TUXCP,"Tuxtla Oriente, Chis.",0.0,0.3,0.0,0.0,57.92,231.21,63.0,244.13
155,-93.13,16.75,CHIS,TXOCP,"Observatorio de Tuxtla Gutiérrez, Chis.",0.0,0.6,0.01,0.0,85.9,118.81,26.2,216.3
156,-93.33,17.12,CHIS,YAMCP,"Yamonhó, Chis.",64.4,110.1,111.41,7.4,87.8,157.3,104.7,61.01
157,-92.05,16.12,CHIS,ZAPALUTA,"Zapaluta, Chis. SGT*",4.8,13.9,9.9,22.4,198.9,119.7,15.3,134.6
158,-101.06,29.45,COAH,AMSCL,"Internacional La Amistad, Coah.",3.01,2.54,8.52,22.06,89.01,130.51,14.0,0.0
159,-100.93,25.56,COAH,ARACL,"Ramos Arizpe Aeropuerto, Coah.",11.12,0.2,19.02,0.0,2.53,23.9,0.0,30.01
160,-101.12,29.15,COAH,CBRCL,"Cabeceras, Coah.",2.0,0.01,14.0,48.8,114.0,88.0,0.0,0.0
161,-102.06,26.98,COAH,CCGCL,"Cuatro Ciénegas, Coah.",13.9,0.0,8.7,0.0,13.37,31.31,4.7,6.2
162,-100.95,29.33,COAH,CDACL,"Ciudad Acuña, Coah.",3.02,5.03,17.02,25.03,114.01,228.02,4.2,0.02
163,-100.66,26.84,COAH,CDLCL,"Candela, Coah.",14.02,0.0,6.02,7.0,8.0,26.0,42.0,51.0
164,-100.95,29.21,COAH,CNTCL,"El Centenario, Coah.",5.0,2.0,23.0,56.5,79.0,176.6,2.0,8.0
165,-100.92,25.44,COAH,ESLCL,"E. C. Saltillo, Coah.",10.45,4.0,16.71,0.0,21.01,59.71,14.4,19.32
166,-100.83,28.82,COAH,LFGCL,"La Fragua, Coah.",0.0,0.0,1.75,0.0,93.25,12.5,0.0,0.0
167,-101.42,26.91,COAH,MCVCL,"Monclova, Coah.",5.61,2.37,6.1,4.6,12.41,64.2,68.5,15.3
168,-101.33,27.92,COAH,NUEVAROSITA,"Nueva Rosita, Coah. SMN*",4.0,0.0,12.75,20.25,78.25,106.75,12.5,6.75
169,-100.53,28.71,COAH,PNGCL,"Piedras Negras, Coah.",3.8,5.2,5.9,69.2,67.96,100.3,7.4,0.1
170,-101.0,27.42,COAH,PRSCL,"Progreso, Coah.",18.0,0.03,18.03,12.0,42.01,54.02,9.5,0.02
171,-100.63,28.9,COAH,RioSanRodrigoC,"Rio San Rodrigo cerca El Moral. Piedras Negras Coah., CILA*",2.25,12.0,3.5,44.5,108.25,87.25,10.8,1.0
172,-101.02,25.38,COAH,STOCL,"Saltillo, Coah.",7.42,7.5,10.6,0.0,13.02,24.32,68.9,29.02
173,-101.02,25.38,COAH,STOCL,"Saltillo, Coah.",7.42,7.5,10.6,0.0,13.02,24.32,16.1,4.7
174,-100.73,29.07,COAH,SANDIEGOC,"San Diego Jimenez, Coah. CILA*",1.75,1.25,9.0,82.5,117.5,114.25,3.3,0.0
175,-101.12,27.85,COAH,SBNCL,"Sabinas, Coah.",5.54,0.01,19.02,29.01,32.03,122.51,67.0,9.01
176,-100.95,29.03,COAH,SMGCL,"San Miguel, Coah.",0.0,0.0,16.0,51.5,118.0,150.0,0.0,0.0
177,-103.7,27.29,COAH,SMJCL,"Sierra Mojada, Coah.",4.7,0.5,0.0,0.0,21.2,16.0,52.0,79.0
178,-102.98,25.76,COAH,SPECL,"San Pedro, Coah.",2.52,0.0,1.8,0.02,0.8,20.34,20.9,10.62
179,-103.45,25.54,COAH,TORCL,"Observatorio de Torreón, Coah.",3.55,0.01,0.61,0.0,23.4,34.31,10.1,22.61
180,-100.62,27.52,COAH,VCRCL,"Venustiano Carranza, Coah.",15.03,0.51,7.04,18.0,18.52,9.52,21.0,9.0
181,-100.9,29.03,COAH,ZPTCL,"Zapata, Coah.",5.0,5.0,29.0,58.0,144.0,164.0,0.0,0.0
182,-103.61,19.25,COL,BVSCM,"Buena Vista, Col.",0.01,0.0,0.0,0.0,0.01,147.01,393.3,238.52
183,-103.72,18.75,COL,CDOCM,"Cerro de Ortega, Col.",0.01,0.0,0.0,0.0,2.51,46.62,162.8,134.65
184,-103.7,19.3,COL,CHNCM,"El Chanal, Col.",0.01,0.0,0.0,0.0,9.41,80.11,276.5,210.02
185,-103.63,18.81,COL,CLLCM,"Callejones, Col.",5.2,0.0,0.0,0.0,5.0,64.51,277.7,176.61
186,-103.76,19.32,COL,CMLCM,"Comala, Col.",0.01,0.0,0.0,0.0,1.21,73.83,223.0,210.4
187,-103.8,19.21,COL,CQMCM,"Coquimatlán, Col.",0.01,0.0,0.0,0.0,0.0,50.2,152.7,73.01
188,-103.88,19.11,COL,DJLCM,"Derivadora Jala (Madrid), Col.",8.8,0.0,0.0,0.0,2.3,49.21,118.8,101.75
189,-103.87,19.17,COL,LAECM,"La Esperanza, Col.",0.3,0.0,0.0,0.0,3.1,26.8,79.3,46.3
190,-103.77,18.81,COL,LDACM,"Laguna de Amela, Col.",0.01,0.0,0.0,0.0,2.01,52.74,175.4,109.82
191,-103.73,19.22,COL,LPSCM,"La Posta, Col.",0.2,0.0,0.0,0.0,1.01,80.81,126.6,135.1
192,-103.73,19.22,COL,LPSCM,"La Posta, Col.",0.2,0.0,0.0,0.0,1.01,80.81,100.5,55.21
193,-103.73,19.22,COL,RDRCM,"Radar, Col.",0.0,0.01,0.0,0.0,0.0,21.8,126.6,135.1
194,-103.73,19.22,COL,RDRCM,"Radar, Col.",0.0,0.01,0.0,0.0,0.0,21.8,100.5,55.21
195,-104.3,19.07,COL,MANZANILLOmar,"Manzanillo, Col. SEMAR*",0.0,0.25,0.0,0.0,0.0,15.23,115.8,110.94
196,-104.32,19.04,COL,MNZCM,"Manzanillo, Col.",0.0,0.01,0.0,0.0,0.0,38.8,92.6,99.91
197,-103.82,19.27,COL,PNTCM,"Peñitas, Col.",20.0,0.0,0.0,0.0,0.0,95.0,204.1,170.5
198,-103.7,19.41,COL,SCHCM,"Suchitlán, Col.",1.2,0.0,0.0,0.0,0.0,95.3,129.1,111.71
199,-103.92,19.46,COL,SMANANTLANI,"Sierra Manatlán 1, Col. SMN*",8.6,0.6,0.2,0.0,6.2,50.6,145.4,153.4
200,-103.88,18.93,COL,TCMCM,"Tecomán, Col.",0.01,0.0,0.0,0.0,0.0,55.01,107.0,48.02
201,-103.4,18.97,COL,TRJCM,"Solidaridad, Col.",0.01,0.0,0.0,0.0,0.01,126.31,195.1,66.93
202,-103.66,19.28,COL,TRPCM,"Trapiche, Col.",0.01,0.0,0.0,0.0,1.51,90.91,312.0,209.56
203,-99.21,19.22,DF,AJSDF,"Ajusco, Cd. de Méx.",1.27,27.18,7.61,0.0,23.13,35.81,102.6,67.82
204,-99.17,19.45,DF,CBIDF,"Escuela Nacional de Ciencias Biológicas IPN, Cd. de Méx. SMN*",0.75,0.5,0.0,3.02,8.39,66.35,144.0,33.7
205,-99.18,19.35,DF,CCUDF,"Centro Universitario, Cd. de Méx.",7.87,5.09,3.3,3.3,66.15,157.73,190.0,76.69
206,-99.0,19.36,DF,CDMDF,"Cárcel de Mujeres, Cd. de Méx.",17.01,2.54,19.05,17.87,12.69,137.41,143.0,85.08
207,-99.11,19.41,DF,CDVDF,"Ciudad Deportiva, Cd. de Méx.",8.38,7.62,8.88,4.06,38.6,165.12,169.2,99.33
208,-99.14,19.52,DF,CEADF,"Campamento Amealco, Cd. de Méx.",3.2,2.82,5.6,7.53,14.51,157.42,173.0,144.53
209,-99.21,19.16,DF,CFSDF,"Caseta Forestal, Cd. de Méx.",0.0,13.97,0.76,2.79,71.38,142.48,207.5,118.36
210,-99.18,19.49,DF,CMYDF,"Campamento Mecoaya, Cd. de Méx.",3.3,5.08,3.04,4.82,9.9,57.66,195.8,74.93
211,-99.09,19.19,DF,CTNDF,"San Salvador Cuautenco, Cd. de Méx.",1.78,10.92,24.13,3.81,57.4,173.99,184.4,110.76
212,-99.09,19.48,DF,CYLDF,"Coyol, Cd. de Méx.",17.52,1.27,6.85,17.02,20.83,146.79,132.9,91.95
213,-99.2,19.3,DF,DATDF,"Desviación Alta, Cd. de Méx.",2.0,5.0,1.0,2.0,14.0,33.0,57.0,55.0
214,-99.13,19.43,DF,DDFDF,"Gobierno del D.F., Cd. de Méx.",4.31,1.78,3.56,6.35,27.17,115.81,189.0,63.48
215,-99.31,19.31,DF,DTLDF,"Desierto de los Leones, Cd. de Méx.",6.36,9.91,4.83,7.16,11.42,41.91,49.5,114.57
216,-99.15,19.38,DF,DVLDF,"Del Valle, Cd. de Méx.",4.32,3.05,13.21,9.66,22.34,30.98,109.7,40.11
217,-99.15,19.3,DF,EAZDF,"Estadio Azteca, Cd. de Méx.",7.87,1.52,0.0,0.0,0.0,140.98,199.9,117.36
218,-99.29,19.36,DF,EYQDF,"El Yaqui, Cd. de Méx.",1.02,22.1,20.57,5.59,34.28,130.31,342.2,186.94
219,-99.35,19.3,DF,EZCDF,"El Zarco, Cd. de Méx.",6.86,5.33,0.0,18.03,10.41,74.68,351.3,273.29
220,-99.09,19.48,DF,GCNDF,"km 6+250 (Gran Canal), Cd. de Méx.",18.6,0.9,5.1,18.0,20.2,162.8,144.4,118.5
221,-99.26,19.31,DF,HYTDF,"Huayatla, Cd. de Méx.",1.53,14.99,6.09,2.79,21.85,2.25,21.6,53.33
222,-99.07,19.38,DF,LU4DF,"Lumbrera 4 Ríos, Cd. de Méx.",10.41,6.35,9.65,5.84,14.46,104.9,168.7,92.95
223,-99.3,19.34,DF,LVNDF,"La Venta, Cd. de Méx.",2.28,12.7,9.15,2.79,32.0,174.21,288.0,231.38
224,-99.28,19.22,DF,MAGDF,"Monte Alegre, Cd. de Méx.",0.25,3.81,0.0,7.25,0.0,250.7,261.4,246.88
225,-99.13,19.4,DF,MCRDF,"Marcos Carrillo, Cd. de Méx.",12.95,2.54,5.34,7.35,18.29,84.33,214.5,73.39
226,-99.23,19.19,DF,MZTDF,"Calle Mezontepec (Abasolo), Cd. de Méx.",1.77,14.98,8.38,6.86,30.48,164.83,257.4,137.4
227,-99.1,19.32,DF,OCSDF,"Organismo de Cuenca AVM Sur, Cd. de Méx.",3.81,8.38,4.57,3.3,23.38,156.53,182.1,81.26
228,-99.1,19.38,DF,PBADF,"Planta de Bombeo Aculco, Cd. de Méx.",1.52,0.0,5.59,0.25,9.39,53.85,34.5,41.4
229,-99.06,19.43,DF,PBCDF,"Planta de Bombeo Churubusco L., Cd. de Méx.",7.05,0.51,7.11,12.18,29.2,112.78,126.5,87.11
230,-99.12,19.49,DF,PBLDF,"Planta de Bombeo Lindavista, Cd. de Méx.",13.72,1.27,6.86,5.83,23.87,127.7,147.1,90.88
231,-99.04,19.38,DF,PBODF,"Planta de Bombeo U. E. de Oriente, Cd. de Méx.",12.7,4.82,24.13,17.43,11.42,130.78,179.8,104.1
232,-99.17,19.44,DF,PBTDF,"Planta de Bombeo Tizoc, Cd. de Méx.",2.28,1.52,2.79,1.27,21.34,134.39,159.5,70.86
233,-99.2,19.41,DF,PCHDF,"Puerta Chapultepec, Cd. de Méx.",3.3,3.3,0.76,3.04,18.29,148.57,230.6,102.1
234,-99.1,19.46,DF,PGNDF,"Planta Generadora 101, Cd. de Méx.",7.62,1.01,4.31,15.75,26.42,131.86,152.9,86.87
235,-99.08,19.34,DF,PLEDF,"Planta de Tratamiento La Estrella, Cd. de Méx.",22.36,3.8,5.07,0.0,0.0,109.22,164.8,92.94
236,-99.07,19.42,DF,PLMDF,"Planta de Bombeo López Mateos, Cd. de Méx.",10.16,3.81,13.45,17.42,1.02,160.54,199.9,81.53
237,-99.13,19.37,DF,PMLDF,"Planta de Bombeo Municipio Libre, Cd. de Méx.",0.0,0.0,6.35,2.28,41.14,127.78,161.8,114.81
238,-99.09,19.25,DF,PNTDF,"Planta Nativitas, Cd. de Méx.",4.57,4.31,14.73,3.04,21.09,119.65,66.3,49.67
239,-99.15,19.51,DF,PRMDF,"Planta de Tratamiento Río Magdalena, Cd. de Méx.",2.03,14.47,18.79,1.27,67.31,133.35,295.1,219.96
240,-99.15,19.51,DF,PRMDF,"Planta de Tratamiento Río Magdalena, Cd. de Méx.",2.03,14.47,18.79,1.27,67.31,133.35,184.7,132.34
241,-99.15,19.51,DF,PRRDF,"Planta de Tratamiento Río Remedios, Cd. de Méx.",0.0,2.79,1.52,5.07,13.22,156.45,295.1,219.96
242,-99.15,19.51,DF,PRRDF,"Planta de Tratamiento Río Remedios, Cd. de Méx.",0.0,2.79,1.52,5.07,13.22,156.45,184.7,132.34
243,-99.02,19.3,DF,PSCDF,"Planta de Tratamiento Santa Catarina, Cd. de Méx.",2.54,2.54,4.82,6.6,6.86,109.45,140.2,50.29
244,-99.05,19.23,DF,PSLDF,"Planta San Luis, Cd. de Méx.",2.54,3.81,7.11,3.55,30.98,135.37,83.8,58.69
245,-99.16,19.47,DF,PSNDF,"Planta de Bombeo Nueva Santa María, Cd. de Méx.",3.56,2.03,3.05,4.06,16.5,112.77,161.8,80.06
246,-99.17,19.26,DF,PSPDF,"Pueblo San Pedro Mártir, Cd. de Méx.",1.78,7.11,4.31,5.59,21.85,161.04,214.1,100.6
247,-99.19,19.51,DF,PTRDF,"Planta de Tratamiento Rosario, Cd. de Méx.",3.05,6.6,4.06,3.3,12.96,116.33,209.3,127.23
248,-99.13,19.29,DF,PVCDF,"Planta de Bombeo Villa Coapa, Cd. de Méx.",5.59,2.54,22.35,9.64,12.69,207.27,232.2,109.74
249,-99.14,19.33,DF,PXTDF,"Planta Xotepingo, Cd. de Méx.",5.08,8.63,2.04,2.03,49.27,51.07,66.6,101.85
250,-99.19,19.3,DF,RBTDF,"Rebombeo Bosque Tlalpan, Cd. de Méx.",3.3,4.82,9.65,4.06,17.28,125.71,233.2,176.54
251,-99.17,19.4,DF,RCMDF,"Radio Comunicación, Cd. de Méx.",5.08,2.54,0.0,0.0,24.64,146.8,260.9,80.27
252,-99.28,19.33,DF,SBADF,"San Bartolo Ameyalco, Cd. de Méx.",5.08,9.65,3.04,5.84,46.23,194.79,252.7,152.39
253,-99.03,19.34,DF,SCMDF,"Santa Cruz Meyehualco, Cd. de Méx.",30.73,4.31,23.37,7.62,14.48,195.84,214.1,92.69
254,-99.12,19.57,DF,SGDDF,"Sierra Guadalupe, Cd. de Méx.",0.0,0.0,0.25,6.0,11.68,30.73,59.4,21.34
255,-99.07,19.47,DF,SJADF,"San Juan de Aragón, Cd. de Méx.",7.8,1.01,6.82,35.31,24.61,128.15,144.9,93.03
256,-99.01,19.28,DF,SPPDF,"San Pedro Tláhuac, Cd. de Méx.",2.28,0.76,2.79,5.08,16.5,90.15,101.6,68.07
257,-98.96,19.32,DF,SSCDF,"Subestación Eléctrica Santa Catarina, Cd. de Méx.",20.07,1.52,21.08,14.99,23.11,152.91,195.3,127.25
258,-99.14,19.56,DF,TCMDF,"Tanque Chalmita, Cd. de Méx.",14.22,7.11,5.59,3.8,14.47,143.77,234.2,104.4
259,-99.27,19.37,DF,TECDF,"Tanque el Cartero, Cd. de Méx.",0.5,22.86,9.9,5.08,32.25,130.81,384.7,167.38
260,-99.25,19.33,DF,TELDF,"Tanque el Lienzo, Cd. de Méx.",2.54,11.18,3.3,3.8,35.32,190.74,238.7,108.18
261,-99.1,19.39,DF,TEZDF,"Tezontle, Cd. de Méx. SMN*",0.0,4.07,1.01,3.81,5.6,117.88,92.0,56.89
262,-99.21,19.4,DF,TNGDF,"Triángulo, Cd. de Méx.",0.0,4.83,3.81,5.59,13.46,115.3,90.4,105.41
263,-99.14,19.2,DF,TPJDF,"Topilejo, Cd. de Méx.",1.02,6.86,29.21,1.27,33.76,127.26,270.8,112.76
264,-99.08,19.44,DF,TPNDF,"Tanque Peñón, Cd. de Méx.",8.38,0.76,1.78,12.95,29.46,134.11,177.8,74.96
265,-99.21,19.36,DF,TRGDF,"Tarango, Cd. de Méx.",3.56,8.38,2.54,4.83,32.25,165.35,214.4,92.73
266,-99.25,19.32,DF,TSFDF,"Tanque San Francisco, Cd. de Méx.",2.54,0.0,0.0,0.0,9.4,170.43,237.2,156.2
267,-99.23,19.44,DF,TSJDF,"Tanque San Joaquín, Cd. de Méx.",9.14,3.05,8.89,5.85,18.8,119.38,208.0,143.0
268,-99.26,19.36,DF,TSLDF,"Trif. Santa Lucía, Cd. de Méx.",2.03,18.79,2.54,6.34,38.85,149.58,391.2,154.41
269,-98.97,19.21,DF,TTLDF,"Tetelco, Cd. de Méx.",6.86,23.62,6.35,2.29,21.33,78.73,67.6,79.41
270,-99.21,19.51,DF,VDCDF,"Vaso de Cristo, Méx.",3.81,4.82,2.03,3.55,13.46,78.22,229.9,87.64
271,-104.8,24.52,DGO,CB2DR,"Caboraca (hidro), Dgo.",3.01,0.0,0.0,0.0,8.0,26.03,47.4,55.35
272,-104.81,24.54,DGO,CBRDR,"Caboraca, Dgo.",3.02,0.0,0.0,0.0,20.17,18.03,51.7,55.32
273,-104.12,26.52,DGO,CEBDR,"Ceballos, Dgo.",9.22,1.5,0.02,0.0,1.0,15.54,16.6,41.87
274,-104.12,24.44,DGO,CGVDR,"Ciudad Guadalupe Victoria, Dgo.",3.51,0.01,0.5,0.0,0.91,36.93,100.1,21.51
275,-103.52,25.53,DGO,CLRDR,"Ciudad Lerdo, Dgo.",2.93,0.0,0.01,0.0,0.01,34.53,21.1,23.22
276,-103.7,24.87,DGO,CNCDR,"Cuencamé, Dgo.",3.0,0.01,1.5,0.0,4.0,11.51,25.0,46.0
277,-104.75,24.5,DGO,CNTDR,"Canatlán, Dgo.",2.7,0.0,0.0,0.0,7.8,34.4,85.0,56.9
278,-104.67,24.03,DGO,DRGDR,"Durango, Dgo.",1.21,0.3,0.01,0.0,0.0,8.14,83.0,90.6
279,-103.96,24.0,DGO,FV2DR,"Francisco Villa (hidro), Dgo.",1.51,0.5,0.0,0.0,0.0,54.02,102.5,79.52
280,-103.96,24.0,DGO,FVLDR,"Francisco Villa, Dgo.",1.51,0.5,0.0,0.0,7.0,52.0,104.5,79.52
281,-103.77,25.27,DGO,FZRDR,"Francisco Zarco, Dgo.",5.62,0.0,0.01,0.0,2.5,22.52,29.0,23.34
282,-105.25,25.5,DGO,GESDR,"General Escobedo, Dgo.",2.02,0.02,0.01,0.0,0.0,4.75,72.1,71.05
283,-104.75,23.96,DGO,GVCDR,"Presidente Guadalupe Victoria, Dgo.",0.5,0.2,0.0,0.0,0.0,18.81,142.3,163.12
284,-104.75,23.96,DGO,GVHDR,"Guadalupe Victoria, Dgo. (hidro)",0.5,0.2,0.0,0.0,0.0,19.83,132.9,163.73
285,-103.98,26.55,DGO,LAFLOR,"La Flor de Jimulco, Dgo. SMN*",7.8,0.8,0.0,0.0,4.2,7.6,18.0,43.6
286,-105.02,25.59,DGO,LCRDR,"Lázaro Cárdenas, Dgo.",5.35,0.0,0.02,0.0,0.01,21.75,50.4,14.99
287,-103.28,25.07,DGO,LFLDR,"La Flor, Dgo.",1.02,0.0,0.0,0.0,5.0,50.01,16.0,15.69
288,-105.47,24.19,DGO,LVEDR,"Las Vegas, Dgo. SMN*",12.62,4.5,0.0,0.0,0.0,65.4,132.2,66.57
289,-104.25,23.39,DGO,MICHILIA,"La Michilia, Dgo. SMN*",5.0,0.0,0.0,2.4,0.0,84.8,109.6,120.0
290,-105.05,23.9,DGO,NAVDR,"Navíos Viejos, Dgo.",19.9,6.6,0.0,0.0,0.0,80.2,84.9,205.6
291,-104.66,24.24,DGO,PA2DR,"Peña del Águila, Dgo. (hidro)",1.2,0.01,0.0,0.0,0.0,2.53,85.5,117.64
292,-105.44,25.22,DGO,SACDR,"Salomé Acosta, Dgo.",10.31,0.0,0.0,0.0,0.0,30.34,89.6,18.07
293,-104.67,23.87,DGO,SB2DR,"Santiago Bayacora (hidro), Dgo.",1.3,0.01,0.0,0.0,0.0,17.0,51.6,121.94
294,-104.68,23.87,DGO,SBYDR,"Santiago Bayacora, Dgo.",1.3,0.01,0.0,0.0,0.0,17.0,78.6,121.91
295,-103.35,24.47,DGO,SCLDR,"Santa Clara, Dgo.",6.5,0.0,0.0,0.0,2.5,26.4,67.0,33.5
296,-103.08,24.61,DGO,SELDR,"Santa Elena, Dgo.",5.31,0.0,0.0,0.0,0.01,25.02,70.0,70.03
297,-105.56,26.44,DGO,SGBDR,"San Gabriel, Dgo.",2.03,1.5,1.0,0.0,0.0,23.01,74.4,66.52
298,-105.67,23.75,DGO,SLTDR,"El Salto, Dgo.",32.5,5.5,0.0,0.0,6.0,179.0,240.5,220.5
299,-105.42,25.04,DGO,SPPDR,"Santiago Papasquiaro, Dgo.",2.41,0.0,0.0,0.0,0.0,4.83,25.4,62.94
300,-105.57,26.08,DGO,SRDDR,"Sardinas, Dgo.",0.0,0.01,0.01,0.0,0.0,36.04,55.6,40.54
301,-103.44,26.11,DGO,THODR,"Tlahualilo, Dgo.",11.81,0.0,1.52,0.0,0.0,59.0,33.0,84.02
302,-103.98,24.81,DGO,VGCDR,"Vicente Guerrero, Dgo.",2.0,0.0,0.0,0.0,1.01,16.56,62.1,72.55
303,-104.93,26.24,DGO,VHGDR,"Villa Hidalgo, Dgo.",30.5,1.5,2.0,0.0,1.01,98.01,89.0,60.5
304,-105.5,26.44,DGO,VILLAOCAMPO,"Villa Ocampo, Dgo. SMN*",5.2,0.4,1.0,0.0,0.0,38.6,67.0,44.8
305,-105.51,26.45,DGO,VOCDR,"Villa Ocampo, Dgo.",2.02,1.5,1.0,0.0,0.0,45.01,87.0,66.53
306,-99.91,16.85,GRO,ACAGR,"Acapulco, Gro.",0.0,0.0,0.0,0.0,31.2,147.3,154.3,290.1
307,-99.75,16.76,GRO,ACUGR,"Acapulco, Gro. SMN*",0.0,0.0,0.0,0.0,26.6,112.4,87.0,112.0
308,-99.52,17.58,GRO,AERGR,"Aeropuerto de Chilpancingo, Gro.",0.0,0.0,0.0,0.0,24.7,121.1,102.2,210.0
309,-100.52,18.08,GRO,AFIGR,"Andrés Figueroa, Gro.",0.0,0.0,0.0,0.0,18.0,173.0,120.6,182.0
310,-98.98,17.72,GRO,AHUGR,"Ahuacuotzingo, Gro.",3.5,0.0,0.0,2.5,15.2,72.4,91.5,73.2
311,-100.43,17.21,GRO,ATYGR,"Atoyac, Gro.",0.0,0.0,0.0,0.0,4.9,149.3,95.8,258.3
312,-99.1,16.95,GRO,AYUGR,"Ayutla, Gro.",0.0,0.0,0.0,0.0,14.8,302.0,186.6,302.0
313,-99.2,18.2,GRO,BVSGR,"Buena Vista, Gro.",8.0,0.0,0.0,0.0,73.0,236.0,254.0,128.0
314,-100.66,18.36,GRO,CALGR,"Ciudad Altamirano, Gro.",0.0,0.0,0.0,0.0,54.3,146.7,201.0,136.6
315,-99.7,17.67,GRO,CCHGR,"Chichihualco, Gro.",0.0,0.0,0.0,0.0,32.5,117.5,94.0,105.0
316,-99.5,17.55,GRO,CHIGR,"Chilpancingo, Gro.",2.1,0.0,0.0,0.0,39.9,103.9,147.3,190.0
317,-98.41,16.47,GRO,CNLGR,"Cuajinicuilapa, Gro.",0.0,0.0,0.0,0.0,71.1,76.7,107.9,83.4
318,-101.05,17.38,GRO,CYQGR,"Coyuquilla, Gro.",6.5,0.0,0.0,0.0,0.0,81.0,38.0,158.0
319,-100.0,17.95,GRO,ECAGR,"Ing. Carlos Ramírez Ulloa, Gro.",0.0,0.0,0.0,0.0,86.8,57.4,243.2,130.0
320,-99.33,18.3,GRO,HTZGR,"Huitzuco, Gro.",0.0,0.0,0.0,0.0,100.7,196.2,317.4,278.8
321,-99.55,18.35,GRO,IGLGR,"Iguala, Gro.",0.0,0.0,0.0,0.0,86.7,187.1,270.4,192.8
322,-98.51,17.62,GRO,IXTGR,"Ixcateopan de Tlapa, Gro.",0.0,0.0,1.5,0.0,104.5,184.9,139.1,173.2
323,-99.78,16.97,GRO,K21GR,"km 21, Gro.",0.0,0.0,0.0,0.0,6.5,79.0,71.5,253.5
324,-101.0,18.42,GRO,LCLGR,"La Calera, Gro.",0.0,0.0,0.0,0.0,6.0,60.5,83.6,45.0
325,-100.02,16.96,GRO,LDCGR,"Laguna de Coyuca, Gro.",0.0,0.0,0.0,0.0,15.0,203.0,76.0,194.0
326,-99.24,16.76,GRO,LDGGR,"Las Vigas, Gro.",0.0,0.0,0.0,0.0,27.0,143.0,146.2,254.6
327,-99.5,18.36,GRO,LDTGR,"Laguna de Tuxpan, Gro.",0.0,0.0,0.0,0.0,82.2,184.5,270.4,192.1
328,-99.8,16.8,GRO,ODAGR,"Observatorio de Acapulco, Gro.",0.0,0.0,0.0,0.0,0.2,110.3,85.5,153.7
329,-99.5,17.6,GRO,ODZGR,"Observatorio de Zumpango, Gro.",0.0,0.0,0.0,0.0,72.1,118.5,113.5,142.0
330,-98.74,17.78,GRO,OLNGR,"Olinala, Gro.",6.5,0.0,0.0,0.0,64.0,364.0,307.0,123.5
331,-98.43,16.68,GRO,OMEGR,"Ometepec, Gro.",0.0,0.0,0.0,0.0,125.0,205.0,389.1,107.7
332,-99.43,17.98,GRO,PETGR,"Petaquillas, Gro.",0.0,0.0,0.0,0.0,23.0,137.5,204.0,138.5
333,-98.5,16.66,GRO,QTZGR,"Quetzala, Gro.",0.0,0.0,0.0,0.0,71.1,198.8,265.8,246.1
334,-99.17,16.82,GRO,RMEGR,"Revolución Mexicana, Gro.",0.0,0.0,0.0,0.0,27.0,140.5,145.5,245.5
335,-100.47,17.14,GRO,SJEGR,"San Jerónimo, Gro.",0.0,0.0,0.0,0.0,11.0,60.7,51.5,306.5
336,-99.48,16.8,GRO,SNMGR,"San Marcos, Gro.",0.0,0.0,0.0,0.0,45.0,202.0,258.5,382.0
337,-99.61,18.55,GRO,TAXGR,"Taxco, Gro.",0.0,1.5,0.0,0.0,141.6,261.8,190.7,261.0
338,-99.98,17.79,GRO,TLAGR,"Tlacotepec, Gro.",0.0,0.0,0.0,0.0,65.2,140.3,214.7,130.61
339,-99.4,17.57,GRO,TXTGR,"Tixtla, Gro.",0.2,0.0,0.0,0.0,55.1,118.7,208.4,179.6
340,-100.27,18.38,GRO,VGRGR,"Vicente Guerrero, Gro.",0.0,0.0,0.0,0.0,23.5,147.5,200.8,153.8
341,-98.49,17.9,GRO,XXHGR,"Xochihuehuetlán, Gro.",0.0,0.0,0.0,0.0,33.5,177.0,141.4,108.0
342,-99.93,17.6,GRO,YXTGR,"Yextla, Gro.",0.0,0.0,0.7,0.0,41.2,56.0,112.3,218.8
343,-101.54,17.86,GRO,ZHTGR,"Zihuatanejo, Gro.",0.0,0.0,0.0,0.0,0.2,74.2,191.4,256.8
344,-101.52,20.43,GTO,ABSGJ,"Abasolo, Gto.",12.3,0.0,0.0,0.0,6.0,56.01,203.5,116.8
345,-100.72,20.03,GTO,ACNGJ,"Acámbaro, Gto.",2.04,0.03,0.02,0.01,24.06,114.07,165.1,119.03
346,-100.68,20.53,GTO,AEGGJ,"Apaseo el Grande, Gto.",0.0,0.0,0.0,0.0,4.5,114.3,129.2,135.5
347,-100.58,20.55,GTO,AMCGJ,"Ameche, Gto.",0.0,0.0,0.02,0.01,1.03,86.52,100.3,128.52
348,-100.62,20.45,GTO,APSGJ,"Apaseo el Alto, Gto.",0.0,0.0,1.51,0.0,6.51,98.52,111.6,99.02
349,-101.63,20.5,GTO,ATBGJ,"Agua Tibia, Gto.",1.02,0.0,0.0,0.0,0.0,100.02,186.1,201.03
350,-101.63,21.29,GTO,BARBOSA,"Barbosa, Gto. Protección Civil*",6.08,0.0,0.0,0.0,1.25,113.14,170.2,146.84
351,-101.83,21.05,GTO,BRRGJ,"El Barrial, Gto.",7.23,0.01,0.0,0.02,0.03,27.05,149.4,219.53
352,-100.9,20.28,GTO,CBOGJ,"El Cubo, Gto. SGT*",4.0,0.0,0.0,0.0,1.0,17.4,27.0,103.8
353,-100.82,20.53,GTO,CLYGJ,"Celaya, Gto.",2.1,0.0,0.8,0.0,1.82,64.91,158.6,171.42
354,-100.36,20.2,GTO,CORGJ,"Coroneo, Gto.",1.2,0.1,4.3,0.0,5.0,89.9,154.6,98.32
355,-101.63,20.51,GTO,CORRALEJO,"Corralejo Hidalgo, Gto. Protección Civil*",1.76,0.0,9.15,0.0,0.0,92.31,172.5,174.08
356,-101.67,20.62,GTO,CRMGJ,"Cuerámaro, Gto.",0.0,0.01,0.0,0.0,9.4,82.1,241.3,177.8
357,-100.95,20.48,GTO,CRTGJ,"Cortázar, Gto.",15.0,1.0,0.0,0.0,1.0,146.0,120.8,195.8
358,-100.9,20.95,GTO,CSRGJ,"Cinco Señores, Gto.",0.01,4.0,0.02,0.01,8.83,90.36,110.2,107.42
359,-101.67,21.2,GTO,CSTGJ,"Los Castillos, Gto.",8.9,0.0,0.0,0.02,0.02,137.62,162.1,178.23
360,-100.93,21.15,GTO,DHGGJ,"Dolores Hidalgo, Gto.",0.01,0.01,0.01,0.0,8.0,52.52,70.0,101.01
361,-101.84,21.05,GTO,EBAGJ,"El Barrial, Gto.",7.22,0.0,6.7,0.01,0.01,9.81,130.9,219.51
362,-100.5,20.2,GTO,ECBGJ,"El Cubo, Gto.",1.03,0.0,0.03,0.0,0.05,133.55,195.1,135.05
363,-101.2,20.9,GTO,ECHGJ,"El Chapín, Gto.",0.01,4.0,0.0,0.0,9.01,169.52,186.3,117.33
364,-101.37,20.73,GTO,ECNGJ,"El Conejo, Gto.",4.3,0.0,0.0,0.0,10.51,70.42,179.2,194.81
365,-101.69,21.17,GTO,EPLGJ,"El Palote, Gto.",3.0,0.01,0.0,0.01,0.01,138.52,165.2,133.76
366,-101.74,20.44,GTO,GLNGJ,"La Golondrina, Gto.",1.01,0.0,0.0,0.0,9.0,98.01,228.0,155.03
367,-101.26,21.01,GTO,GTOGJ,"Guanajuato, Gto.",0.0,0.0,0.0,0.0,8.44,98.01,190.7,150.02
368,-100.83,20.85,GTO,IALGJ,"Ignacio Allende, Gto.",0.01,0.0,0.01,0.01,9.52,95.73,80.2,164.23
369,-101.35,20.68,GTO,IRPGJ,"Irapuato, Gto.",3.2,2.5,0.0,0.0,6.9,68.01,200.5,145.71
370,-100.52,20.13,GTO,JCRGJ,"Jerécuaro, Gto.",0.03,0.0,12.9,0.01,9.9,45.22,150.1,76.85
371,-100.53,20.61,GTO,LADGJ,"Las Adjuntas, Gto.",1.52,0.0,2.9,0.0,8.4,128.8,209.3,196.2
372,-101.07,20.29,GTO,LDYGJ,"Laguna de Yuriria, Gto.",2.51,0.0,0.01,0.0,1.5,75.55,190.1,149.15
373,-101.67,21.1,GTO,LENGJ,"León, Gto.",1.01,0.0,0.02,0.01,1.0,157.05,188.0,196.02
374,-100.87,20.38,GTO,LGVGJ,"Puente la Gavia, Gto.",9.0,0.0,2.0,0.0,0.0,163.0,211.0,141.0
375,-101.36,20.28,GTO,LJIGJ,"Las Jícamas, Gto.",8.0,0.0,0.0,0.0,0.0,61.4,114.0,267.0
376,-101.11,21.32,GTO,LQMGJ,"La Quemada, Gto.",0.0,0.0,2.5,0.0,39.0,57.3,71.5,118.1
377,-101.93,20.5,GTO,MABGJ,"Mariano Abasolo, Gto.",0.0,2.3,0.0,0.0,7.7,47.0,137.5,95.2
378,-101.52,21.63,GTO,OCMGJ,"Ocampo, Gto.",10.0,0.0,1.0,0.0,0.0,107.0,88.0,95.0
379,-100.9,21.1,GTO,PDLGJ,"Puente Dolores, Gto.",0.01,0.01,0.01,0.0,6.0,44.0,51.0,89.56
380,-101.13,20.52,GTO,PERGJ,"Pericos, Gto.",0.01,0.01,0.0,0.01,1.74,118.85,152.3,102.23
381,-100.5,21.22,GTO,POZGJ,"Pozos, Gto.",0.0,1.02,0.05,15.02,11.38,95.95,41.7,118.19
382,-101.29,20.87,GTO,PRSGJ,"La Purísima, Gto.",0.0,1.8,0.0,0.0,0.5,207.5,244.0,158.0
383,-101.22,21.48,GTO,SFEGJ,"San Felipe, Gto.",3.2,0.0,0.0,0.0,0.0,122.0,82.9,98.8
384,-101.02,20.4,GTO,SJLGJ,"Santa Julia, Gto.",7.7,0.2,4.6,0.0,0.0,126.8,185.6,232.3
385,-101.2,20.57,GTO,SLMGJ,"Salamanca, Gto.",17.8,0.0,0.0,0.01,10.41,80.87,193.6,143.65
386,-100.52,21.3,GTO,SLPGJ,"San Luis de la Paz, Gto.",0.0,1.5,0.0,0.0,8.5,47.2,44.9,48.0
387,-100.67,20.05,GTO,SLSGJ,"Solís, Gto.",1.02,0.01,0.0,0.0,19.02,75.08,126.1,142.06
388,-100.88,20.21,GTO,SLVGJ,"Salvatierra, Gto.",1.71,0.01,0.0,0.0,6.23,84.14,120.7,144.86
389,-101.02,20.43,GTO,SMAGJ,"San Miguel de Allende, Gto.",0.9,0.0,1.8,0.0,3.71,105.61,134.3,204.02
390,-100.75,20.58,GTO,SMOGJ,"San Miguel Octopan, Gto.",0.01,11.48,0.0,0.0,0.0,56.7,102.3,195.0
391,-101.07,20.3,GTO,SRTGJ,"Santa Rita, Gto.",0.03,0.01,0.0,0.02,0.02,213.01,138.5,144.52
392,-100.75,20.28,GTO,TARGJ,"Tarimoro, Gto.",0.04,0.02,0.02,0.03,16.85,184.55,162.1,255.04
393,-101.3,20.6,GTO,TEMGJ,"Temascatío, Gto.",2.51,3.8,0.0,0.0,20.51,210.23,243.9,119.34
394,-100.8,20.5,GTO,TGRGJ,"Tres Guerras, Gto.",0.0,0.0,1.0,0.0,0.91,75.4,154.5,132.8
395,-101.18,20.39,GTO,VDSGJ,"Valle de Santiago, Gto.",0.01,0.0,0.0,0.0,0.0,47.53,183.5,131.01
396,-100.09,21.3,GTO,XICGJ,"Xichú, Gto.",1.7,3.21,1.02,7.2,13.4,126.91,19.0,89.93
397,-98.33,21.02,HGO,ATCHD,"Atlapexco, Hgo.",19.0,35.0,43.5,0.5,80.5,173.0,110.5,9.5
398,-99.36,20.16,HGO,ENDHD,"Endhó, Hgo.",16.01,1.51,5.02,26.5,3.01,138.52,69.5,104.01
399,-98.42,21.15,HGO,HJTHD,"Huejutla, Hgo.",43.11,19.07,53.03,0.01,35.04,209.52,72.0,2.01
400,-99.22,20.48,HGO,IXMHD,"Ixmiquilpan, Hgo.",0.3,0.1,5.0,3.6,7.4,134.5,33.2,56.0
401,-99.35,20.06,HGO,LASROSAS,"Las Rosas, Hgo. OCAVM*",13.1,1.1,0.5,6.1,4.5,22.5,11.8,3.5
402,-98.76,20.59,HGO,LMTHD,"Metztitlán, Hgo.",2.0,0.0,1.0,0.01,47.01,86.01,70.0,40.0
403,-99.22,20.24,HGO,MXQHD,"Mixquiahuala, Hgo.",11.5,0.02,8.0,23.0,16.52,116.01,85.5,72.52
404,-98.6,21.17,HGO,ORZHD,"San Felipe Orizatlán, Hgo.",63.93,33.9,53.83,1.01,83.51,234.2,122.3,8.72
405,-98.75,20.12,HGO,PCOHD,"Observatorio de Pachuca, Hgo.",4.5,3.9,12.1,31.32,10.1,104.6,80.5,92.11
406,-98.33,20.06,HGO,PERHD,"La Esperanza, Hgo.",6.11,1.43,8.65,37.55,6.14,163.31,30.2,73.79
407,-99.33,20.36,HGO,PRGHD,"Javier Rojo Gómez, Hgo.",1.01,0.01,1.01,2.0,4.01,145.04,21.0,201.01
408,-99.31,19.96,HGO,PRQHD,"Requena, Hgo.",15.0,1.01,13.5,48.01,8.0,96.01,70.5,75.02
409,-99.38,20.44,HGO,PVAHD,"Vicente Aguirre, Hgo.",1.0,1.0,15.01,1.01,1.01,136.04,21.0,136.03
410,-98.37,20.08,HGO,TLGHD,"Tulancingo, Hgo.",3.0,1.22,4.82,19.01,8.04,136.1,53.1,79.24
411,-99.38,19.84,HGO,TXMHD,"Taxhimay, Hgo.",23.0,6.0,4.5,29.0,12.5,163.5,154.0,106.0
412,-99.5,20.66,HGO,ZMPHD,"Ing. Fernando Hiriart Balderrama, Hgo.",1.9,0.0,0.0,0.0,0.0,16.3,1.8,11.2
413,-98.65,20.65,HGO,ZXTHD,"Zacualtipán, Hgo.",21.0,34.0,29.0,0.5,40.0,155.5,150.5,23.0
414,-103.13,20.32,JAL,ACHAPALAGDL,"Acueducto Chapala-Guadalajara, Jal. SGT*",0.0,0.4,0.0,0.0,15.0,47.2,147.4,101.8
415,-102.44,21.6,JAL,AJJJL,"Ajojúcar, Jal.",15.01,0.0,0.0,1.0,0.0,42.5,132.5,84.0
416,-103.09,20.4,JAL,ATQJL,"Atequiza, Jal.",7.4,0.4,0.0,0.0,4.8,114.4,232.2,248.31
417,-103.45,20.75,JAL,BAZJL,"Base Aérea Zapopan, Jal.",7.71,2.4,0.0,0.0,0.01,94.32,297.9,227.11
418,-104.06,19.91,JAL,BBAJL,"Basilio Vadillo, Jal.",0.0,0.0,0.0,0.0,0.0,58.51,286.5,113.53
419,-103.73,22.4,JAL,BCSJL,"Bocas, Jal.",3.1,0.0,0.0,0.0,0.0,86.41,120.7,158.5
420,-103.78,21.83,JAL,BLNJL,"Bolaños, Jal.",2.0,0.0,0.0,0.0,0.0,60.23,162.9,86.92
421,-103.47,19.7,JAL,CGZJL,"Ciudad Guzmán, Jal.",8.0,0.0,0.0,0.0,25.7,145.01,220.9,159.3
422,-103.2,20.29,JAL,CHAJL,"Chapala 1 SMN, Jal.",8.64,0.51,0.0,0.0,7.11,43.19,288.6,138.69
423,-105.04,19.5,JAL,CHAMELA,"Chamela-Cuixmala, Jal. SMN*",0.2,0.2,0.0,0.0,0.2,9.6,157.4,56.2
424,-104.57,19.23,JAL,CIHJL,"Cihuatlán, Jal.",0.0,0.0,0.0,0.0,0.01,12.28,215.2,132.64
425,-103.25,22.13,JAL,CLTJL,"Colotlán, Jal.",10.4,0.0,0.0,0.0,0.9,74.7,128.0,95.7
426,-105.13,20.0,JAL,CPEJL,"Cajón de Peña, Jal.",0.0,0.01,0.0,0.0,0.0,1.51,256.6,223.09
427,-104.78,20.48,JAL,CRNJL,"Corrinchis, Jal.",0.0,0.0,0.0,0.0,0.0,96.79,208.9,217.12
428,-101.74,21.5,JAL,CRTJL,"El Cuarenta, Jal.",31.8,0.01,0.0,0.0,1.52,22.32,94.4,131.15
429,-105.05,20.58,JAL,CULJL,"Cuale, Jal.",0.91,9.7,0.01,0.0,4.7,65.93,476.0,549.82
430,-102.85,21.13,JAL,CUNJL,"La Cuña, Jal.",22.51,1.0,0.0,0.0,0.01,84.7,281.3,170.7
431,-103.45,21.07,JAL,CXTJL,"Cuixtla, Jal.",5.4,0.0,0.01,0.0,1.5,124.81,240.2,211.61
432,-103.33,20.73,JAL,EXPJL,"La Experiencia, Jal.",30.43,2.3,0.0,0.0,21.1,97.15,354.6,126.72
433,-103.37,20.67,JAL,GUAJL,"Guadalajara Centro, Jal.",10.63,1.0,0.0,0.0,15.8,96.12,362.0,227.01
434,-103.4,20.7,JAL,GUCJL,"Guadalajara los Colomos, Jal.",25.2,3.0,0.0,0.0,10.8,124.4,367.8,242.0
435,-103.65,20.47,JAL,HRTJL,"Hurtado, Jal.",2.0,1.5,0.0,0.0,0.0,98.01,244.5,111.03
436,-102.25,20.48,JAL,HUAJL,"Huascato, Jal.",1.04,1.0,0.0,0.0,30.51,142.13,241.0,187.53
437,-102.71,20.29,JAL,JMYJL,"Jamay, Jal.",5.82,1.7,0.0,0.0,32.8,113.7,166.8,143.8
438,-103.64,20.68,JAL,LAPRIMAVERA,"La Primavera, Jal. SMN*",2.2,4.2,0.0,0.0,0.8,102.4,206.4,222.2
439,-103.12,20.18,JAL,LDCJL,"Lago de Chapala, Jal.",7.12,0.5,0.0,0.0,6.6,74.9,277.3,169.32
440,-101.92,21.36,JAL,LDMJL,"Lagos de Moreno, Jal.",31.02,0.51,0.0,0.4,3.43,58.99,175.3,77.94
441,-103.59,19.59,JAL,NEVADOCOLIMA,"Nevado de Colima, Jal. SMN*",12.8,2.0,0.0,0.0,21.6,57.6,76.2,139.4
442,-101.92,21.37,JAL,OLMJL,"Observatorio de Lagos de Moreno, Jal.",20.0,0.0,0.0,0.0,14.7,124.3,163.4,91.1
443,-103.36,20.58,JAL,PITJL,"Protección a Infraestructura y Atención a Emergencias, Jal.",3.7,0.0,5.7,0.0,2.0,132.3,268.7,125.24
444,-104.11,21.2,JAL,PLYJL,"La Yesca, Jal.",0.1,0.0,0.0,0.0,0.0,36.8,126.2,53.82
445,-102.23,20.49,JAL,POLJL,"Ing. Guillermo Lugo Sanabria, Jal.",1.04,1.0,0.0,6.0,30.52,142.64,237.5,187.53
446,-104.05,20.55,JAL,RAMJL,"Río Ameca, Jal.",8.8,0.0,0.0,0.0,0.8,79.71,180.9,97.52
447,-101.84,21.36,JAL,SA1JL,"La Sauceda, Jal.",34.4,0.02,0.0,0.0,0.0,68.71,161.9,130.41
448,-101.85,21.35,JAL,SAUCEDACFE,"Sauceda, Jal. CFE*",8.0,0.0,0.0,0.0,15.75,16.75,21.0,97.75
449,-101.85,21.35,JAL,SAUCEDACFE,"Sauceda, Jal. CFE*",8.0,0.0,0.0,0.0,15.75,16.75,161.9,134.21
450,-101.85,21.35,JAL,SAUJL,"La Sauceda, Jal.",34.4,0.02,0.0,0.0,19.3,70.51,21.0,97.75
451,-101.85,21.35,JAL,SAUJL,"La Sauceda, Jal.",34.4,0.02,0.0,0.0,19.3,70.51,161.9,134.21
452,-102.5,21.3,JAL,SGRJL,"San Gaspar de los Reyes, Jal.",4.43,0.0,0.0,0.0,0.0,71.0,232.0,63.1
453,-103.71,20.91,JAL,SRSJL,"Santa Rosa, Jal.",11.5,1.0,0.0,0.0,0.0,97.6,102.1,183.9
454,-102.58,21.45,JAL,TCAJL,"Teocaltiche, Jal.",10.04,1.01,0.0,0.01,2.21,56.07,259.4,97.01
455,-103.2,22.17,JAL,TENJL,"Tenasco, Jal.",28.01,0.0,0.0,0.0,0.0,55.04,119.1,141.22
456,-103.32,20.58,JAL,TLAJL,"Tlaquepaque, Jal.",11.83,0.0,0.0,0.0,3.4,124.23,216.9,156.14
457,-103.42,20.44,JAL,TLAJOMULCO,"Tlajomulco, Jal. SMN*",5.6,2.0,0.4,0.0,1.0,141.0,248.2,97.8
458,-103.85,20.6,JAL,VEGJL,"Ing. Santiago Camarena, Jal.",3.83,4.5,0.0,0.0,0.0,216.52,272.5,121.6
459,-99.38,19.38,MEX,2RSMX,"Dos Ríos, Méx.",0.0,9.7,8.8,0.0,43.5,193.6,334.3,269.4
460,-99.22,19.57,MEX,ARBMX,"Las Arboledas, Méx.",3.1,1.6,4.5,5.82,18.61,125.14,209.4,128.71
461,-98.91,19.54,MEX,ATEMX,"Atenco (Río Xalapan), Méx.",16.01,6.01,0.07,9.06,2.85,127.48,112.8,80.3
462,-99.59,19.77,MEX,BUFMX,"La Concepción, Mex.",2.0,0.0,16.5,9.0,7.5,68.4,244.3,125.7
463,-99.7,19.33,MEX,CALMX,"Calixtlahuaca, Méx.",6.5,6.92,10.51,28.01,19.51,136.14,124.4,102.24
464,-99.3,19.41,MEX,CDBMX,"Caída del Borracho, Méx.",3.3,5.33,5.08,6.61,30.23,64.26,226.6,179.83
465,-99.51,19.2,MEX,CGCMX,"Gerencia Conagua CODAGEM, Méx.",2.71,7.61,1.61,23.5,19.55,125.36,149.1,128.09
466,-98.89,19.49,MEX,CHAPINGO,"Chapingo, Méx. SGT*",6.82,3.29,0.5,2.01,7.32,191.52,84.6,43.54
467,-99.47,18.8,MEX,CHDMX,"Ciudad Hidalgo, Méx",0.0,0.0,0.0,0.0,24.1,125.71,131.1,137.41
468,-100.12,19.2,MEX,CHIMX,"Chilesdo, Méx.",7.0,1.3,1.5,0.0,25.0,132.31,161.9,131.4
469,-98.88,19.48,MEX,CHPMX,"Chapingo, Méx.",8.9,11.2,19.5,7.6,14.0,206.5,90.3,73.9
470,-99.24,19.53,MEX,CLYMX,"Calacoaya, Méx.",6.5,4.6,1.8,9.5,14.4,82.1,204.6,162.9
471,-99.3,19.7,MEX,CNPMX,"La Concepción, Méx.",2.0,10.0,16.5,9.0,6.5,74.5,244.3,125.7
472,-99.63,19.29,MEX,COBMX,"Observatorio de Estado de México, Méx.",5.82,7.31,31.94,28.63,41.03,189.44,114.5,185.74
473,-100.18,19.1,MEX,COLMX,"Colorines, Méx.",0.0,0.0,0.0,0.0,21.52,127.5,176.6,173.72
474,-99.56,19.88,MEX,DNXMX,"Danxhó, Méx.",8.0,14.5,8.0,20.5,7.5,177.02,142.0,72.52
475,-99.24,19.45,MEX,EMOMX,"El Molinito Río Hondo, Méx.",0.0,2.5,0.0,4.7,13.0,90.91,217.0,186.9
476,-98.92,19.58,MEX,GRDMX,"La Grande, Méx.",0.0,3.7,0.61,15.8,17.51,180.12,123.7,55.6
477,-99.7,20.05,MEX,HPNMX,"Huapango, Méx.",8.02,2.5,30.51,5.0,9.03,124.53,101.6,81.03
478,-99.77,19.57,MEX,IXCMX,"Ixtlahuaca, Méx.",0.02,0.0,5.91,10.4,6.03,137.42,138.2,59.43
479,-99.05,19.63,MEX,K27MX,"km 27+250, Méx.",4.5,1.7,4.5,15.0,11.0,91.1,183.3,62.71
480,-100.08,19.38,MEX,LBEMX,"Los Berros, Méx.",4.7,10.8,5.02,3.0,47.4,99.02,195.6,174.31
481,-99.22,19.48,MEX,MBLMX,"Molino Blanco, Méx.",6.0,3.03,2.53,4.0,13.07,49.03,188.5,95.41
482,-99.68,19.12,MEX,NEVMX,"Nevado de Toluca, Méx. SMN*",3.05,8.63,6.09,7.12,31.99,197.62,148.1,139.95
483,-99.19,19.62,MEX,OBSMX,"San Martín Obispo, Méx.",9.9,2.5,20.2,8.6,11.4,75.8,131.7,90.1
484,-99.18,19.58,MEX,PBTMX,"Planta Barrientos, Méx.",5.84,0.0,0.0,0.0,8.89,103.37,202.2,69.85
485,-99.02,19.65,MEX,PCCMX,"Planta Chiconautla 2, Méx.",4.06,0.76,8.13,3.55,21.07,166.38,185.4,71.13
486,-99.18,19.74,MEX,PCGMX,"Puente Colgante, Méx.",11.02,4.02,1.02,6.01,15.03,74.54,147.6,65.5
487,-99.01,19.64,MEX,PCTMX,"Planta Chiconautla 1, Méx.",8.64,4.31,4.57,7.57,14.74,165.62,156.7,43.68
488,-99.25,19.43,MEX,PLMMX,"Palmas, Méx.",5.59,4.07,5.08,6.08,0.76,52.83,107.9,179.07
489,-99.26,19.53,MEX,PMDMX,"Madín, Méx.",6.5,3.4,1.8,10.1,14.4,82.1,204.6,162.9
490,-99.74,20.12,MEX,PMNMX,"El Molino, Méx.",5.01,1.01,31.0,4.0,8.52,170.03,125.0,51.04
491,-99.86,20.04,MEX,PNDMX,"Ñadó, Méx.",0.02,2.02,8.01,5.04,9.03,108.02,179.1,78.12
492,-99.27,19.52,MEX,PREMX,"Presa Madín, Méx. SMN*",3.6,2.6,0.4,6.4,5.8,55.4,147.8,119.6
493,-99.21,19.41,MEX,PTLMX,"Presa Totolica, Méx.",1.5,3.3,7.6,3.11,30.7,120.51,218.9,261.86
494,-99.6,19.21,MEX,RECMX,"Rectoría, Méx.",2.62,14.0,14.85,17.84,25.92,118.54,119.2,187.73
495,-98.91,19.53,MEX,SADMX,"San Andrés (Texcoco), Méx.",12.32,8.9,10.01,18.51,12.24,193.91,132.1,117.62
496,-99.76,19.24,MEX,SJHMX,"San Juan de las Huertas, Méx.",0.0,5.4,24.4,28.9,90.5,136.0,143.3,89.8
497,-98.87,19.19,MEX,SLAMX,"San Luis Ameca, Méx.",6.01,4.11,8.51,3.2,23.5,94.42,102.0,129.01
498,-99.74,19.59,MEX,SLBMX,"San Bartolo del Llano, Méx.",0.5,2.5,4.0,15.5,2.5,123.5,171.5,71.0
499,-99.8,19.63,MEX,SMLMX,"Santa María del Llano, Méx.",6.01,9.0,15.01,52.01,30.05,229.02,327.0,160.01
500,-98.86,19.64,MEX,SNLMX,"San Lucas, Mex.",3.2,9.3,0.72,18.68,13.07,100.33,157.8,104.0
501,-99.8,19.33,MEX,TBRMX,"Tres Barrancas, Méx.",4.01,2.0,15.5,6.51,54.05,166.35,132.4,182.12
502,-99.94,18.93,MEX,TESMX,"Texcaltitlán, Méx.",1.9,15.8,2.8,0.0,61.7,180.01,176.8,145.53
503,-98.9,19.44,MEX,TJCMX,"El Tejocote, Méx.",8.11,0.91,5.9,11.13,7.91,109.6,181.1,101.02
504,-99.28,19.45,MEX,TOTMX,"Totolica, Mex.",1.5,0.3,7.6,1.91,20.7,120.51,218.9,281.86
505,-99.96,19.66,MEX,TPTMX,"San Andrés Tepetitlán, Méx.",4.05,6.51,11.18,8.76,16.55,136.81,212.4,120.5
506,-100.28,19.1,MEX,TROMX,"Trojes, Méx.",1.01,8.1,3.91,23.7,11.21,133.6,245.2,110.1
507,-99.28,19.45,MEX,TTLMX,"Totolica (hidro), Méx.",8.0,9.0,4.0,3.5,8.7,96.6,168.5,150.5
508,-99.12,19.9,MEX,TTQMX,"Tajo de Tequixquiac, Mex.",9.51,5.5,0.01,19.54,1.03,87.04,142.1,90.05
509,-100.18,19.21,MEX,VBRMX,"Valle de Bravo, Méx.",0.0,0.0,0.0,0.0,22.51,149.32,199.1,143.01
510,-99.33,19.38,MEX,VNDMX,"El Venado, Méx.",3.05,2.79,0.0,0.0,0.0,152.14,325.6,271.01
511,-100.06,19.46,MEX,VVCMX,"Villa Victoria, Méx.",7.5,5.0,8.01,6.0,23.03,97.12,198.6,184.81
512,-101.99,20.23,MICH,ADUMC,"Adjuntas, Mich.",3.0,0.0,0.0,0.0,3.02,60.72,204.8,192.91
513,-100.61,19.58,MICH,AGOMC,"Agostitlán, Mich.",12.2,1.3,0.0,5.5,87.14,207.31,229.9,185.0
514,-101.66,19.93,MICH,AMEMC,"Aristeo Mercado, Mich.",0.2,0.0,0.0,0.0,5.6,18.6,111.8,155.1
515,-102.37,19.08,MICH,APAMC,"Apatzingán, Mich. SMN*",0.0,0.0,0.0,0.0,10.4,50.6,101.0,104.8
516,-102.37,19.08,MICH,APTMC,"Apatzingán, Mich.",0.0,0.0,0.0,0.0,12.0,63.5,177.5,115.51
517,-102.42,20.18,MICH,BIBMC,"Barraje de Ibarra, Mich.",3.01,2.0,1.0,0.0,39.0,90.53,174.0,111.01
518,-101.46,20.32,MICH,CBLMC,"Casa Blanca, Mich.",6.11,0.0,0.02,0.0,2.51,57.55,164.5,201.01
519,-102.27,19.97,MICH,CHAMC,"Chaparaco, Mich.",2.6,0.0,0.0,13.0,0.8,74.41,190.0,195.21
520,-100.55,19.7,MICH,CHIMC,"Ciudad Hidalgo, Mich.",0.0,4.51,0.0,0.0,41.5,119.01,227.6,110.51
521,-102.77,19.29,MICH,CHLMC,"Constitución de Apatzingán, Mich.",22.5,0.0,0.0,0.0,22.0,90.0,92.0,123.81
522,-100.9,18.5,MICH,CMNMC,"Caimanera, Mich.",0.0,0.0,0.0,0.0,17.6,163.0,117.3,156.9
523,-101.26,19.63,MICH,COIMC,"Coíntzio, Mich.",5.83,0.41,0.01,0.23,46.13,111.38,209.4,165.76
524,-100.42,19.39,MICH,DBOMC,"El Bosque, Mich.",0.0,0.0,0.0,0.0,17.5,117.43,129.6,271.7
525,-102.44,20.3,MICH,DGNMC,"De Gonzalo, Mich.",3.4,0.0,0.0,0.0,15.0,11.8,22.0,9.0
526,-100.45,19.97,MICH,EGIMC,"El Gigante, Mich.",1.5,9.8,6.2,0.0,8.9,110.71,169.9,147.91
527,-102.54,19.98,MICH,GUAMC,"Guaracha, Mich.",6.86,1.5,0.0,0.0,12.76,63.5,262.5,228.4
528,-101.88,18.27,MICH,INFMC,"Infiernillo, Mich.",0.0,5.16,0.0,0.0,11.5,40.9,39.3,65.91
529,-102.6,19.96,MICH,JARMC,"Jaripo, Mich.",7.31,1.0,9.11,0.0,2.2,57.31,253.5,217.06
530,-101.63,20.25,MICH,LANMC,"Los Ángeles, Mich.",1.6,0.0,0.0,0.0,0.0,3.9,45.1,0.0
531,-102.87,19.21,MICH,LOLMC,"Los Olivos, Mich.",42.0,0.0,0.0,0.0,26.0,336.0,83.0,90.7
532,-102.75,20.15,MICH,LPAMC,"La Palma, Mich.",26.2,9.0,0.0,0.0,32.4,232.2,32.2,0.0
533,-102.0,20.35,MICH,LPDMC,"La Piedad, Mich.",1.2,0.0,0.0,0.0,14.8,158.72,170.0,78.55
534,-102.9,18.8,MICH,LPNMC,"Los Panches, Mich.",0.0,0.0,0.0,0.0,3.2,41.11,71.1,134.5
535,-102.2,18.8,MICH,LPSMC,"La Pastoría, Mich.",0.0,0.0,0.0,0.0,3.1,22.11,103.5,76.6
536,-101.2,18.8,MICH,LPZMC,"Los Pinzanes, Mich.",0.0,0.0,0.0,0.0,42.7,86.43,100.8,95.12
537,-101.1,19.7,MICH,MCEMC,"Morelia Centro, Mich.",14.11,2.8,0.0,0.0,37.81,138.64,117.5,78.89
538,-102.2,17.9,MICH,MLCMC,"Melchor Ocampo L. C., Mich.",0.0,0.0,0.0,0.0,1.0,42.21,195.0,132.0
539,-100.87,19.83,MICH,MLPMC,"Malpaís, Mich.",0.01,0.0,0.01,0.0,16.01,105.4,117.3,88.61
540,-101.2,19.7,MICH,MNOMC,"Morelia Norte, Mich.",46.81,0.01,0.5,0.0,37.52,127.41,207.6,112.63
541,-101.72,20.13,MICH,MOCMC,"Melchor Ocampo, Mich.",14.01,0.0,0.01,0.0,10.51,105.92,184.0,112.21
542,-101.18,19.69,MICH,MORMC,"Morelia, Mich.",19.82,0.01,0.02,0.01,37.6,178.03,177.4,93.54
543,-100.88,19.84,MICH,MPSMC,"Malpaís, Mich. SGT*",0.1,0.0,0.0,0.0,6.6,74.0,119.4,135.7
544,-100.44,19.89,MICH,MRVMC,"Maravatío, Mich.",13.0,6.5,5.51,0.0,9.0,69.51,317.5,194.9
545,-100.62,20.28,MICH,P3MEZQUITES,"Presa Tres Mezquites, Mich. SGT*",2.0,0.0,0.0,0.0,0.0,19.8,54.8,0.0
546,-101.05,19.49,MICH,PDBMC,"Planta de Bombeo, Mich.",21.0,0.0,0.0,12.5,66.01,112.01,84.0,154.52
547,-102.6,19.96,MICH,PDEGONZALO,"Presa de Gonzalo, Mich. SGT*",4.4,0.0,0.0,0.0,16.0,32.2,33.2,8.8
548,-101.6,20.3,MICH,PORMC,"Pastor Ortiz, Mich.",0.82,0.0,0.01,0.0,5.0,80.44,158.3,145.82
549,-100.68,19.62,MICH,PUCMC,"Pucuato, Mich.",7.8,3.0,23.0,0.0,11.8,130.9,181.6,219.4
550,-102.14,19.96,MICH,PUREPETIRO,"Presa Urepetiro, Mich. SGT*",2.0,0.0,0.0,0.0,16.6,60.0,164.4,135.4
551,-102.72,20.07,MICH,SAHMC,"Sahuayo, Mich.",4.02,0.0,0.0,0.0,27.51,128.0,193.8,132.61
552,-102.46,20.21,MICH,SCRMC,"San Cristóbal, Mich.",10.52,0.0,0.0,0.0,18.9,107.0,147.2,139.0
553,-102.65,19.84,MICH,SJUMC,"San Juanico, Mich.",18.0,0.0,0.0,0.0,9.1,102.8,246.1,177.0
554,-102.4,20.1,MICH,SSIMC,"San Simón, Mich.",6.01,0.01,0.0,0.0,5.01,65.51,288.0,172.3
555,-100.23,20.0,MICH,TEPMC,"Tepuxtepec, Mich.",1.5,0.5,0.0,0.0,0.0,24.1,78.7,87.0
556,-102.14,19.96,MICH,UREMC,"Urepetiro, Mich.",2.8,0.0,0.0,0.0,17.8,69.12,184.7,187.09
557,-102.18,18.05,MICH,VILMC,"José María Morelos y Pavón, Mich.",2.79,0.0,0.0,0.0,0.01,39.91,186.7,126.9
558,-101.45,19.55,MICH,VJIMC,"Villa Jiménez, Mich.",10.61,0.0,0.0,0.0,16.6,78.33,200.6,167.8
559,-102.24,20.34,MICH,YURMC,"Yurécuraro, Mich.",5.2,0.0,0.0,0.0,29.1,134.81,158.4,106.21
560,-102.28,20.01,MICH,ZAMMC,"Zamora, Mich.",2.5,0.5,0.0,0.0,6.3,54.43,157.6,135.82
561,-101.8,19.81,MICH,ZCAMC,"Zacapu, Mich.",10.01,7.8,4.0,0.0,6.0,75.32,204.1,66.11
562,-98.83,18.95,MOR,ACHMR,"Achichipico, Mor.",0.8,0.01,6.1,1.2,55.41,216.5,236.4,296.91
563,-99.27,18.74,MOR,ALUMR,"Alpuyeca, Mor.",0.0,0.01,0.0,0.0,99.82,188.62,158.1,182.1
564,-99.4,18.6,MOR,AMCMR,"Amacuzac, Mor.",6.5,0.0,0.0,0.0,96.0,271.01,261.5,174.0
565,-99.46,18.68,MOR,APAMR,"Apacingo, Mor.",0.0,0.0,0.0,0.0,150.1,291.4,234.2,177.22
566,-98.93,18.95,MOR,ATLMR,"Atlatlahucan, Mor.",0.0,0.0,3.6,0.0,63.7,198.84,121.7,148.7
567,-98.9,18.8,MOR,CUAMR,"Cuautla, Mor.",0.0,0.01,7.5,0.0,35.54,180.27,171.2,266.56
568,-99.2,18.9,MOR,CUEMR,"Cuernavaca, Mor.",0.0,0.51,7.2,2.51,121.01,320.31,246.0,108.62
569,-99.2,18.9,MOR,CUEMR,"Cuernavaca, Mor.",0.0,0.51,7.2,2.51,121.01,320.31,154.2,154.5
570,-99.2,18.9,MOR,TEMMR,"Temixco, Mor.",0.0,1.0,0.0,0.0,82.6,289.8,246.0,108.62
571,-99.2,18.9,MOR,TEMMR,"Temixco, Mor.",0.0,1.0,0.0,0.0,82.6,289.8,154.2,154.5
572,-98.79,18.69,MOR,ELPMR,"El Peñón, Mor.",0.0,0.0,0.0,0.0,21.51,190.51,111.3,170.03
573,-99.18,18.57,MOR,HIGMR,"Higuerón, Mor.",0.0,0.0,1.0,0.0,101.9,176.5,164.9,128.9
574,-99.42,18.61,MOR,HUAMR,"Huajintlán, Mor.",0.0,0.0,0.0,0.0,88.0,268.0,182.5,250.0
575,-98.75,18.88,MOR,HUEMR,"Hueyapan, Mor.",0.0,0.0,0.0,1.51,37.32,272.38,191.4,224.77
576,-99.02,19.03,MOR,HUIMR,"Huitzilac, Mor.",0.0,2.2,0.0,3.21,80.61,139.34,404.8,285.26
577,-99.02,18.44,MOR,HUTMR,"Huautla, Mor.",0.0,0.0,0.0,3.9,82.66,207.34,133.2,100.34
578,-99.16,18.88,MOR,IMTMR,"Instituto Mexicano de Tecnología del Agua, Mor. SMN*",0.0,0.0,7.86,0.0,12.53,247.46,186.5,120.48
579,-98.8,18.7,MOR,JNCMR,"Jonacatepec, Mor.",0.0,0.8,0.0,0.0,54.2,222.8,148.2,195.0
580,-99.2,18.6,MOR,JOJMR,"Jojutla, Mor.",0.0,0.0,0.0,0.0,67.7,221.5,128.9,81.6
581,-98.92,18.68,MOR,LCUMR,"La Cuera, Mor.",0.0,1.71,0.0,0.01,60.52,267.22,137.3,143.83
582,-99.4,18.7,MOR,MIAMR,"Miacatlán, Mor.",0.0,0.01,0.0,0.0,73.2,187.51,174.0,91.5
583,-99.0,18.73,MOR,MYOMR,"Moyotepec, Mor.",0.0,0.04,0.0,0.0,69.52,166.49,76.8,147.07
584,-99.14,18.52,MOR,NEXMR,"Nexpa, Mor.",0.0,0.0,0.01,0.0,43.23,150.32,84.0,98.94
585,-99.26,18.73,MOR,OACMR,"Oacalco, Mor.",0.0,0.01,3.5,0.0,15.3,221.33,140.3,96.61
586,-99.22,18.91,MOR,OBSMR,"Observatorio de Morelos, Mor.",0.0,4.1,8.5,2.81,105.0,326.68,182.1,128.23
587,-98.76,18.88,MOR,OCTMR,"Ocuituco, Mor.",0.0,0.0,11.5,0.0,74.0,272.0,231.0,167.01
588,-99.32,18.63,MOR,PIXMR,"Puente de Ixtla, Mor.",4.0,0.0,0.0,0.0,54.32,321.22,213.6,106.31
589,-99.33,18.77,MOR,RODMR,"El Rodeo, Mor.",0.0,6.8,0.0,0.0,108.11,245.19,155.5,191.4
590,-99.19,18.92,MOR,SLDMR,"Solidaridad, Mor.",0.0,0.0,0.01,0.0,95.7,305.8,154.7,195.71
591,-99.04,18.58,MOR,SPHMR,"San Pablo Hidalgo, Mor.",0.0,0.0,0.0,0.0,47.11,148.9,160.9,145.1
592,-98.71,18.88,MOR,TETMR,"Tetela del Volcán, Mor.",0.0,0.0,2.5,0.0,24.3,212.9,187.8,160.9
593,-99.1,18.79,MOR,TICMR,"Ticumán, Mor.",0.0,0.0,0.0,0.0,129.0,211.91,178.5,170.01
594,-99.31,18.49,MOR,TILMR,"Tilzapotla, Mor.",0.0,0.0,0.0,0.01,66.91,258.9,179.7,155.3
595,-98.94,19.04,MOR,TLCMR,"Tlacualera, Mor.",8.01,1.02,1.0,0.0,19.52,246.0,269.5,92.49
596,-98.75,18.81,MOR,TLOMR,"Tlacotepec, Mor.",0.0,0.01,1.01,0.02,61.52,306.04,103.2,223.7
597,-98.79,18.78,MOR,TMCMR,"Temoac, Mor.",0.0,0.0,0.0,0.0,1.5,213.6,71.9,209.0
598,-98.92,18.99,MOR,TOTMR,"Totoloapan, Mor.",0.0,0.0,1.5,0.0,19.3,167.82,131.4,111.7
599,-98.84,18.6,MOR,TPLMR,"Tepalcingo, Mor.",0.0,0.0,0.0,0.0,83.4,282.5,93.3,189.6
600,-99.19,18.52,MOR,XICMR,"Xicatlacotla, Mor.",0.0,0.0,0.01,0.0,40.92,167.12,107.0,115.0
601,-99.25,18.68,MOR,XXOMR,"Xoxocotla, Mor.",0.0,0.0,0.0,0.0,126.1,198.6,177.9,102.9
602,-99.1,18.9,MOR,YAHMR,"Yautepec, Mor.",0.0,0.01,2.6,0.0,36.73,183.13,148.7,174.2
603,-99.2,18.64,MOR,ZCTMR,"Zacatepec, Mor.",0.0,0.0,0.0,0.0,70.0,199.11,170.4,120.01
604,-104.8,21.84,NAY,AGMNR,"Aguamilpa Solidaridad, Nay.",0.0,0.0,0.0,0.0,0.0,0.1,113.0,105.0
605,-104.45,21.43,NAY,CJNNR,"Leonardo Rodríguez Alcaine, Nay.",0.3,0.0,0.0,0.0,0.0,58.0,210.8,235.2
606,-105.14,20.89,NAY,GAVNR,"Gaviotas, Nay.",3.0,4.03,0.0,0.0,0.0,8.04,345.1,283.07
607,-104.52,22.25,NAY,JMANR,"Jesús María, Nay.",0.0,0.0,0.0,0.0,0.0,77.4,238.4,177.4
608,-104.8,21.8,NAY,RSRNR,"Reguladora San Rafael, Nay.",0.0,0.0,0.0,0.0,0.0,1.3,251.7,280.5
609,-104.89,21.49,NAY,TEPNR,"Tepic, Nay.",1.3,0.0,0.0,0.0,0.0,46.72,259.9,225.11
610,-99.68,24.88,NL,ADJNL,"Las Adjuntas, N.L.",10.5,2.25,16.75,0.5,80.25,305.25,5.0,39.0
611,-99.68,24.9,NL,ADJUNTASHUALA,"Las Adjuntas, N.L. SGT*",10.5,2.25,16.25,0.5,80.75,305.25,5.0,5.25
612,-100.01,25.27,NL,AL2NL,"Allende Dos, N. L.",53.85,0.04,107.32,1.22,46.02,107.11,61.3,32.3
613,-100.13,27.24,NL,ANHNL,"Anáhuac, N.L.",9.57,0.52,4.04,1.52,36.53,26.02,38.0,11.52
614,-99.82,24.1,NL,ARRNL,"Aramberri, N.L.",9.33,2.43,31.94,1.01,28.41,171.31,27.9,23.9
615,-99.91,24.32,NL,ASCNL,"La Ascensión, N.L.",4.52,3.01,42.51,0.0,36.0,117.0,71.0,34.0
616,-99.74,24.99,NL,CABNL,"Cabezones, N.L.",27.31,1.34,50.41,0.32,51.73,115.72,37.5,103.2
617,-99.58,24.87,NL,CAMNL,"Camacho, N.L.",31.32,17.24,71.2,7.21,55.1,209.22,99.3,31.5
618,-100.27,25.8,NL,CANNL,"El Canadá, N.L.",31.25,1.5,51.01,0.5,60.01,12.75,15.8,50.25
619,-99.44,24.98,NL,CARNL,"Carmen de los Elizondo Linares, N. L.",17.22,0.06,75.92,2.93,160.37,68.77,27.0,37.0
620,-99.28,25.71,NL,CCHNL,"Cuchillo-Solidaridad, N.L.",20.44,1.03,32.72,1.51,115.02,103.5,16.0,7.5
621,-100.17,25.95,NL,CDFNL,"Ciénega de Flores, N.L.",54.0,2.01,21.85,0.03,11.07,72.0,19.0,25.04
622,-99.98,25.59,NL,CDRNL,"Cadereyta, N.L.",67.03,0.04,87.03,1.11,48.56,54.51,40.3,47.51
623,-99.4,24.94,NL,CPRNL,"José López Portillo, N.L.",21.43,4.02,72.6,5.01,181.74,54.52,83.0,16.51
624,-99.7,24.78,NL,CRUNL,"Crucitas, N.L.",19.71,19.0,64.4,0.3,30.8,69.5,0.0,42.5
625,-99.61,26.09,NL,CRVNL,"Cerralvo, N.L.",37.73,8.85,42.04,3.41,199.81,105.81,7.6,54.72
626,-100.17,23.68,NL,DARNL,"Doctor Arroyo, N.L.",6.0,7.0,26.0,5.0,0.0,175.0,65.0,75.0
627,-100.2,25.52,NL,ECSNL,"El Cerrito, N.L.",35.0,2.0,117.0,0.0,45.01,105.0,58.0,63.0
628,-100.31,25.58,NL,ELDIENTE,"El Diente SMN, N. L.",52.2,6.4,125.6,0.4,51.2,58.4,57.8,7.6
629,-100.08,24.83,NL,GALNL,"Galeana, N.L.",2.9,1.9,85.1,0.2,21.83,185.71,94.0,70.2
630,-99.98,25.76,NL,LAARENA,"La Arena, N.L. SGT*",55.0,1.0,52.5,1.75,29.75,21.5,66.5,48.5
631,-100.13,25.43,NL,LBCNL,"La Boca, N.L.",38.2,3.3,111.4,0.0,49.8,97.8,66.0,67.8
632,-99.53,25.5,NL,LERNL,"Las Enramadas, N.L.",27.05,4.02,47.03,2.05,99.07,47.03,44.0,25.0
633,-99.4,25.9,NL,LosHerrera,"Los Herrera, N.L. SGT*",27.25,0.75,32.75,2.0,138.5,76.0,8.3,53.0
634,-99.2,26.02,NL,MDRNL,"Madero, N.L.",29.24,5.75,38.91,3.22,88.11,18.92,31.3,23.7
635,-99.83,25.17,NL,MTMNL,"Montemorelos, N.L.",51.74,4.01,75.36,0.83,51.24,233.83,12.7,24.62
636,-100.27,25.68,NL,MTRNL,"Monterrey, N.L.",36.32,2.21,115.76,0.0,81.14,38.51,19.5,48.4
637,-100.12,23.42,NL,MYNNL,"Mier y Noriega, N.L.",9.73,5.4,17.02,2.9,7.25,153.75,38.6,23.45
638,-100.3,25.73,NL,OBSNL,"Observatorio de Nuevo León, N.L.",36.32,2.21,115.76,0.0,81.14,38.51,19.5,48.4
639,-99.22,24.99,NL,PAMNL,"La Pamona, N.L.",15.03,9.03,59.0,2.02,246.04,46.06,47.0,39.01
640,-100.37,27.43,NL,PSANL,"Salinillas, N.L.",15.03,0.51,7.04,18.0,18.52,9.52,21.0,9.0
641,-100.55,25.03,NL,SRANL,"San Rafael, N.L.",7.01,1.03,70.02,0.01,10.52,38.03,63.6,32.08
642,-99.77,25.5,NL,Tepehuaje,"Cadereyta, N.L. SGT*",34.25,2.5,57.75,2.0,38.5,44.0,87.0,21.5
643,-99.78,23.98,NL,ZRGNL,"Zaragoza, N.L.",8.0,3.0,33.01,2.0,25.0,179.0,138.0,48.0
644,-96.53,17.43,OAX,ATEOX,"Atepec, Oax.",4.0,5.0,11.5,14.5,59.52,82.5,61.5,43.0
645,-96.1,17.02,OAX,AYUOX,"Ayutla, Oax.",9.0,4.3,6.5,3.2,46.7,94.5,66.1,164.7
646,-95.93,16.65,OAX,BOQOX,"Boquilla 1, Oax.",0.01,0.0,0.01,15.7,71.31,60.82,71.5,196.51
647,-96.26,18.0,OAX,CDOOX,"Miguel de la Madrid Hurtado, Oax.",143.31,28.82,42.6,19.01,139.0,401.51,290.2,147.62
648,-94.82,16.58,OAX,CHIOX,"Chicapa, Oax.",1.84,2.81,0.02,2.31,93.11,169.11,156.0,195.81
649,-96.66,18.49,OAX,CSPOX,"Cosolapa, Oax.",26.07,11.83,16.72,6.41,42.01,324.1,130.0,67.82
650,-96.42,18.23,OAX,DPSOX,"Dique Pescaditos, Oax.",101.04,8.93,34.22,38.21,122.4,336.0,239.8,123.22
651,-97.78,17.8,OAX,HLOOX,"Observatorio de Huajuapan de León, Oax.",1.8,0.0,2.9,4.91,31.83,202.9,199.8,199.61
652,-95.1,16.58,OAX,IXTOX,"Ixtepec, Oax.",0.0,2.5,0.0,0.01,109.01,152.1,56.7,193.52
653,-96.2,17.87,OAX,JACOX,"Jacatepec, Oax.",40.0,17.0,105.5,10.0,278.5,678.51,398.0,454.61
654,-95.4,16.45,OAX,JDMOX,"Presidente Benito Juárez, Oax.",0.0,10.0,0.0,0.0,105.0,42.0,40.0,179.0
655,-95.03,16.43,OAX,JUCOX,"Juchitan, Oax.",0.0,4.7,0.0,0.0,99.1,105.3,41.2,144.3
656,-95.2,16.6,OAX,KM1OX,"km 33+190, Oax.",0.0,0.01,0.0,0.0,107.5,180.0,63.1,192.61
657,-95.72,16.42,OAX,KM2OX,"km 51+740, Oax.",0.0,0.01,0.0,0.0,219.0,190.7,213.9,240.1
658,-96.91,18.21,OAX,LCAOX,"La Carbonera, Oax.",1.5,0.0,6.3,2.0,52.3,95.5,146.3,102.7
659,-97.69,15.97,OAX,LCHACAHUA,"Laguna Chacahua, Oax. SMN*",0.0,0.0,0.0,0.0,101.0,91.8,77.4,87.0
660,-95.3,16.4,OAX,LPIOX,"Las Pilas, Oax.",0.0,0.01,0.0,0.0,83.51,181.51,43.5,168.53
661,-95.48,17.45,OAX,MAROX,"María Lombardo, Oax.",28.04,9.84,19.63,0.03,50.12,200.83,294.2,199.31
662,-95.04,16.88,OAX,MROOX,"Matías Romero, Oax. SMN*",19.83,2.54,2.29,1.52,70.1,102.11,142.5,96.01
663,-96.78,18.36,OAX,NAROX,"Naranjastitla, Oax.",82.86,26.74,78.26,2.63,150.51,330.34,274.8,109.75
664,-96.73,17.07,OAX,OACOX,"Oaxaca Centro, Oax.",0.4,0.0,16.61,36.31,136.33,112.4,54.6,106.01
665,-96.7,17.0,OAX,OAOOX,"Observatorio de Aeropuerto Oaxaca, Oax.",2.8,0.0,10.93,48.81,156.21,208.71,196.7,69.92
666,-96.08,18.17,OAX,PAPOX,"Papaloapan, Oax.",37.17,0.43,3.23,0.03,19.51,198.11,282.1,75.53
667,-96.48,15.67,OAX,PTAOX,"Puerto Ángel, Oax.",0.0,0.0,0.8,0.0,62.0,120.4,27.9,94.5
668,-95.28,16.48,OAX,RHOOX,"Río Hondo, Oax.",0.01,0.0,0.0,0.0,75.7,28.61,102.8,273.7
669,-97.72,16.1,OAX,RVEOX,"Río Verde, Oax.",0.0,0.0,0.0,0.0,53.6,31.01,90.8,151.1
670,-95.16,16.28,OAX,SBLOX,"San Blas Atempa, Oax.",0.0,0.01,0.0,0.0,96.02,147.6,114.2,252.12
671,-96.55,17.27,OAX,SCIOX,"Ixtepeji (S. Catarina I.), Oax.",0.0,2.5,12.5,17.5,41.5,135.01,89.5,68.5
672,-95.2,16.18,OAX,SCROX,"Salina Cruz, Oax.",2.0,0.0,0.1,15.0,72.4,144.3,102.3,346.2
673,-96.53,17.88,OAX,SFUOX,"San Felipe Usila, Oax.",143.5,37.0,59.0,11.0,187.6,269.0,290.0,241.0
674,-96.45,17.12,OAX,SMAOX,"San Antonio Cuajimoloyas, Oax.",5.22,1.9,15.0,23.0,34.64,136.93,93.3,87.91
675,-96.55,18.05,OAX,STDOX,"Santo Domingo, Oax.",70.11,42.82,70.1,13.61,168.1,238.81,222.6,156.91
676,-95.2,16.3,OAX,TEHOX,"Tehuantepec, Oax.",0.0,0.02,0.0,0.0,68.01,118.31,64.0,233.21
677,-96.41,18.23,OAX,TEMOX,"Presidente Alemán, Oax.",31.9,5.0,9.0,47.0,106.1,225.0,171.6,134.4
678,-96.13,18.08,OAX,TUXOX,"Tuxtepec, Oax.",97.53,1.52,26.44,3.52,31.92,207.0,499.0,198.91
679,-96.38,17.93,OAX,UCFOX,"CFE-Usila, Oax.",140.8,36.4,86.8,50.01,206.31,261.3,293.4,246.2
680,-94.83,16.45,OAX,UHGOX,"Unión Hidalgo, Oax.",0.0,4.0,0.0,0.0,164.01,128.01,81.0,183.0
681,-96.3,17.78,OAX,VANOX,"Valle Nacional, Oax.",122.14,52.82,45.03,73.04,395.31,409.22,303.0,285.02
682,-97.83,17.72,OAX,YOSOX,"Yosocuta, Oax.",0.0,0.0,0.0,2.31,33.02,141.5,102.5,182.91
683,-95.93,17.15,OAX,ZACOX,"Zacatepec, Oax.",58.82,49.54,18.08,18.81,171.1,181.14,210.6,259.33
684,-97.42,19.45,PUE,ACHPB,"Alchichilca, Pue.",0.0,0.02,0.0,6.94,6.03,64.45,19.7,52.48
685,-97.93,19.06,PUE,ACJPB,"Acajete, Pue.",0.0,0.6,7.6,8.0,88.1,180.9,201.6,133.0
686,-98.06,18.28,PUE,ADOPB,"Acatlán de Osorio, Pue.",0.0,0.0,9.5,0.0,21.6,176.6,77.2,169.1
687,-98.14,18.94,PUE,AFRPB,"Africam, Pue.",8.9,0.0,0.0,0.01,60.61,227.1,295.1,123.8
688,-98.15,20.03,PUE,AHUPB,"Ahuazontepec, Pue.",10.7,4.41,8.0,31.0,31.9,161.0,61.5,61.1
689,-97.84,20.41,PUE,APAPB,"Apapantilla, Pue.",13.01,58.0,40.9,8.41,177.21,330.2,132.6,182.0
690,-98.42,18.92,PUE,ATXPB,"Atlixco, Pue.",2.4,0.4,0.5,1.0,22.5,155.0,171.4,176.2
691,-97.88,20.39,PUE,AVCPB,"Ávila Camacho, Pue.",7.56,44.04,33.02,9.02,77.01,251.01,117.0,219.04
692,-97.5,19.96,PUE,BAIPB,"Buenos Aires, Pue. CFE.",46.21,64.33,44.2,4.51,117.81,240.46,236.1,183.7
693,-98.11,18.91,PUE,BDDPB,"Manuel Ávila Camacho, Pue.",0.0,0.01,3.51,14.01,58.02,183.92,229.9,112.53
694,-97.44,18.99,PUE,CDSPB,"Ciudad Serdán, Pue.",4.5,10.8,0.01,44.1,60.0,100.01,58.0,128.0
695,-97.96,18.97,PUE,CEMPB,"Cemex, Pue.",0.0,3.0,0.0,0.01,63.0,203.9,222.0,167.5
696,-98.58,18.52,PUE,CHIPB,"Chietla, Pue.",0.0,0.0,1.01,0.01,55.8,149.51,115.4,160.03
697,-98.32,19.07,PUE,CHLPB,"Cholula, Pue.",2.0,1.01,0.01,13.5,29.5,233.7,141.2,203.1
698,-98.57,18.11,PUE,CHSPB,"Chila de la Sal, Pue.",0.0,0.0,0.0,1.1,37.7,218.0,152.9,150.8
699,-98.2,19.02,PUE,CNAPB,"Conagua, Pue.",1.4,4.5,0.0,6.8,33.7,148.2,284.4,147.1
700,-98.05,19.74,PUE,CNGPB,"Chignahuapan, Pue.",4.42,8.1,11.23,16.23,36.0,180.13,111.1,120.02
701,-98.16,18.61,PUE,COAPB,"Coatzingo, Pue.",0.0,4.84,0.0,0.0,41.3,185.82,145.9,106.32
702,-98.06,19.09,PUE,CPLPB,"Capulac, Pue.",0.01,8.0,0.02,22.1,41.41,218.22,285.9,149.81
703,-97.52,20.03,PUE,CTZPB,"Cuetzalan, Pue.",112.55,120.03,103.05,10.5,112.01,202.54,418.0,87.04
704,-98.28,18.97,PUE,ECHPB,"Echeverría, Pue.",0.0,0.02,0.01,2.0,74.04,137.06,193.0,171.01
705,-98.46,19.1,PUE,HJTPB,"Huejotzingo, Pue.",8.7,3.0,11.82,15.7,35.11,127.74,158.7,231.4
706,-98.54,18.77,PUE,HQCPB,"Huaquechula, Pue.",0.0,0.0,5.0,0.0,17.0,190.0,144.1,90.5
707,-98.05,20.18,PUE,HUAPB,"Huauchinango, Pue.",38.22,36.3,41.42,10.5,64.8,210.1,268.6,118.15
708,-97.82,19.62,PUE,IXTPB,"Ixtacamaxtitlán, Pue.",0.01,2.51,1.81,10.05,14.1,165.11,81.2,80.9
709,-98.47,18.61,PUE,IZMPB,"Izúcar de Matamoros, Pue.",0.0,0.0,0.01,0.0,48.02,185.0,113.0,207.0
710,-97.69,19.46,PUE,LIBPB,"Libres, Pue.",0.0,2.0,10.0,11.5,13.0,123.01,122.0,83.0
711,-98.23,19.01,PUE,MAYPB,"Mayorazgo 21 Poniente, Pue.",4.0,1.3,0.02,12.21,19.21,210.97,203.8,176.01
712,-97.85,20.73,PUE,MTLPB,"Metlaltoyuca, Pue.",29.8,13.63,41.1,35.01,3.5,142.51,127.6,2.51
713,-98.0,20.22,PUE,NNEPB,"Necaxa, Pue.",10.2,23.4,23.5,6.5,40.5,208.7,385.6,134.0
714,-97.53,19.7,PUE,OYAPB,"Oyameles, Pue.",0.04,6.03,13.01,9.0,9.03,136.03,21.1,23.06
715,-97.25,18.92,PUE,PCRPB,"Paso Carretas, Pue.",3.0,18.5,7.0,18.0,38.01,170.5,76.0,120.0
716,-98.26,18.2,PUE,PIXPB,"Piaxtla, Pue.",0.01,0.0,0.01,0.01,12.63,179.75,130.3,73.93
717,-97.88,20.23,PUE,PTLPB,"Patla, Pue.",9.3,30.1,30.9,6.0,43.5,232.6,176.6,170.0
718,-98.17,19.05,PUE,PUOPB,"Observatorio de Puebla, Pue.",2.8,22.5,0.0,16.2,35.5,180.3,230.8,203.4
719,-97.62,19.25,PUE,QUIPB,"Quimixtlán, Pue.",1.02,24.01,45.0,28.9,45.7,231.4,184.7,225.12
720,-97.4,20.12,PUE,RNAPB,"Rancho Nuevo (Ayotoxco), Pue.",36.2,53.52,69.5,33.1,37.0,95.51,70.5,39.0
721,-98.22,19.11,PUE,SCRPB,"San Cristóbal Caleras, Pue.",3.8,1.31,0.01,3.5,42.91,281.92,181.9,176.23
722,-97.91,18.74,PUE,SMCPB,"San Miguel Canoa, Pue.",0.02,0.02,0.0,39.02,7.25,383.72,285.1,163.25
723,-97.45,19.96,PUE,SOLPB,"La Soledad, Pue.",57.53,57.81,50.24,3.58,114.41,326.36,258.5,121.73
724,-97.49,19.95,PUE,STLPB,"Sontalaco, Pue. CFE.",41.5,69.11,41.97,4.3,160.91,247.05,176.6,120.68
725,-97.79,20.0,PUE,TDRPB,"Tepango de Rodríguez, Pue.",57.7,87.5,56.5,27.8,122.52,276.7,298.0,74.5
726,-97.75,18.88,PUE,TECPB,"Tecamachalco, Pue.",0.0,0.0,1.4,10.4,34.2,174.3,61.7,83.6
727,-97.4,18.48,PUE,TEHPB,"Tehuacán, Pue.",0.0,0.0,2.0,3.0,43.0,166.02,25.5,54.5
728,-98.78,18.45,PUE,TELPB,"Teotlalco, Pue.",0.0,0.0,0.01,0.0,18.8,202.0,109.7,132.5
729,-97.81,19.83,PUE,TEOPB,"Tetela de Ocampo, Pue.",8.31,9.5,14.0,7.8,37.5,187.0,88.1,40.6
730,-97.79,20.0,PUE,TEPPB,"Tepexic, Pue.",20.2,23.4,19.6,5.7,49.3,188.6,354.1,162.9
731,-97.96,19.82,PUE,TEZPB,"Teziutlán, Pue.",19.54,41.02,19.04,4.51,38.02,207.51,57.0,67.04
732,-96.85,18.4,PUE,TLPPB,"Tlacotepec de Díaz, Pue.",39.23,20.01,83.01,4.01,157.3,320.0,389.5,434.01
733,-98.04,20.37,PUE,TLXPB,"Tlaxco, Pue.",0.01,20.02,5.51,10.01,0.03,50.02,50.0,10.06
734,-97.49,19.49,PUE,TPYPB,"Tepeyahualco, Pue.",1.0,0.0,1.02,24.01,23.03,100.04,84.0,110.01
735,-96.86,18.48,PUE,TYAPB,"Tepeyac, Pue.",60.94,19.23,84.71,9.54,53.71,401.13,456.9,166.62
736,-97.68,20.51,PUE,VENPB,"Venustiano Carranza, Pue.",13.5,3.9,31.1,0.0,15.7,79.2,122.9,11.3
737,-97.96,20.28,PUE,XDJPB,"Xicotepec de Juárez, Pue.",31.04,42.01,62.32,9.9,82.61,308.81,363.4,194.31
738,-97.58,19.86,PUE,ZCPPB,"Zacapoaxtla, Pue.",20.2,48.1,31.8,6.0,46.8,162.7,45.0,37.81
739,-97.01,18.33,PUE,ZOQPB,"Zoquitlán, Pue.",1.03,50.03,24.03,0.02,105.02,320.0,241.0,243.03
740,-97.83,20.18,PUE,ZRGPB,"Zaragoza, Pue.",13.5,30.01,16.0,10.0,18.01,179.0,101.0,101.0
741,-100.27,20.7,QRO,AMZQT,"Amazcala, Qro. SGT*",0.0,0.0,0.2,0.2,3.4,47.0,42.6,64.5
742,-100.35,20.5,QRO,BATQT,"El Batán, Qro.",0.0,0.0,0.0,0.0,15.0,135.0,109.0,59.01
743,-100.08,20.42,QRO,CNSQT,"Constitución de 1917, Qro.",0.8,0.0,0.0,0.0,0.0,71.4,42.4,30.2
744,-99.96,20.2,QRO,IDFQT,"San Ildefonso, Qro.",12.0,2.5,0.0,0.9,2.0,121.8,48.7,37.6
745,-100.0,20.36,QRO,SJSQT,"San José, Qro.",7.2,0.0,0.0,3.7,0.3,82.2,47.5,7.7
746,-86.82,21.16,QROO,CANQR,"Cancún, Q. Roo.",99.62,136.8,10.5,47.3,34.9,24.2,7.3,111.0
747,-88.33,18.5,QROO,CHOQR,"Chetumal, Q. Roo.",44.13,43.72,9.91,127.81,16.52,136.64,27.0,82.9
748,-86.95,20.51,QROO,COZQR,"Cozumel, Q. Roo.",159.4,52.4,33.5,99.7,22.1,44.6,22.9,102.8
749,-87.08,20.63,QROO,PDCQR,"Playa del Carmen, Q. Roo.",167.2,263.6,1.8,43.5,51.3,49.6,64.9,66.3
750,-109.18,25.92,SIN,AHMSI,"Ahome, Sin.",8.51,0.0,6.0,0.0,0.0,4.61,15.5,149.21
751,-107.39,25.1,SIN,ALMSI,"Adolfo López Mateos, Sin.",0.0,1.0,0.0,0.0,0.0,3.0,155.5,290.5
752,-107.47,25.03,SIN,AWSSI,"Andrew Weiss, Sin.",0.01,0.01,2.1,0.0,0.0,6.51,245.0,313.72
753,-107.54,25.33,SIN,BDRSI,"Badiraguato, Sin.",1.02,1.01,4.0,0.0,0.0,14.01,287.5,502.0
754,-107.4,24.82,SIN,CLCSI,"Culiacán, Sin.",0.51,0.04,0.01,0.0,0.0,2.41,108.8,301.61
755,-108.07,25.48,SIN,EBLSI,"Lic. Eustaquio Buelna, Sin.",4.6,0.0,8.4,0.0,0.0,3.0,48.0,281.4
756,-108.62,26.43,SIN,EFTSI,"El Fuerte, Sin.",23.2,1.0,10.51,0.0,0.0,0.0,136.5,110.72
757,-108.32,26.08,SIN,GB2SI,"El Sabinal (hidro), Sin.",14.02,0.0,8.0,0.0,0.0,0.03,18.0,166.0
758,-108.33,28.95,SIN,GBESI,"Ing. Guillermo Blake Aguilar, Sin.",14.0,0.0,8.0,0.0,0.0,0.0,18.0,121.0
759,-107.91,25.86,SIN,GD2SI,"Bacurato (hidro) presa Gustavo Diaz Ordáz, Sin.",0.02,0.0,13.0,0.0,0.0,5.03,142.2,141.52
760,-107.91,25.86,SIN,GDOSI,"Gustavo Díaz Ordaz, Sin.",0.0,0.0,13.0,0.0,0.0,5.0,137.0,141.5
761,-108.09,25.47,SIN,GMCSI,"Guamúchil, Sin.",5.01,0.0,8.41,0.0,0.0,3.0,59.0,281.41
762,-108.47,25.72,SIN,GSVSI,"Guasave, Sin.",6.2,0.01,1.0,0.0,0.0,0.0,115.4,215.2
763,-107.06,24.75,SIN,JGRSI,"Juan Guerrero Alcocer, Sin.",0.0,0.0,0.0,0.0,0.0,3.0,164.0,269.0
764,-106.81,24.57,SIN,JLPSI,"José López Portillo, Sin.",0.01,0.0,0.0,0.0,0.0,27.0,225.0,276.53
765,-108.7,26.43,SIN,JORSI,"Josefa Ortiz de Domínguez, Sin.",16.5,0.0,3.0,0.0,0.0,0.0,43.7,99.8
766,-108.35,26.9,SIN,LD2SI,HUITES (HIDRO),23.02,3.5,16.01,0.0,0.0,0.0,76.8,229.5
767,-108.37,26.84,SIN,LDCSI,"Luis Donaldo Colosio, Sin.",15.0,3.5,16.0,0.0,0.0,0.0,150.3,229.5
768,-109.0,25.8,SIN,MCHSI,"Los Mochis, Sin.",7.91,0.01,1.0,0.0,0.0,0.5,20.2,209.41
769,-106.4,23.23,SIN,MZTSI,"Mazatlán, Sin.",0.0,0.4,0.0,0.0,0.0,0.42,101.7,351.45
770,-107.44,24.63,SIN,OBSSI,"Observatorio de Culiacán, Sin.",0.0,0.01,0.7,0.0,0.0,1.6,36.8,313.81
771,-108.58,26.51,SIN,PMHSI,"Miguel Hidalgo, Sin.",16.0,0.81,15.5,0.0,0.0,0.0,147.9,199.53
772,-106.47,23.56,SIN,QLTSI,"Quelite, Sin.",1.5,0.01,0.0,0.0,0.0,1.0,111.1,236.27
773,-107.76,25.12,SIN,RAVSI,"Estación Rancho Viejo, Sin.",0.01,1.01,0.02,0.0,0.0,0.03,46.1,281.07
774,-107.5,25.3,SIN,SJNSI,"San Juan, Sin.",1.21,0.01,9.91,0.0,0.0,8.12,193.6,214.01
775,-107.1,24.8,SIN,SLRSI,"San Lorenzo, Sin.",0.01,0.0,0.0,0.0,0.0,4.9,35.5,179.42
776,-106.7,24.12,SIN,SLTSI,"Ing. Aurelio Benassini Vizcaino, Sin.",3.0,0.0,0.0,0.0,0.0,4.01,179.0,384.1
777,-107.16,24.81,SIN,SN2SI,"Sanalona (hidro), Sin.",0.11,0.01,0.11,0.0,0.0,1.81,184.2,378.9
778,-107.15,24.82,SIN,SNLSI,"Sanalona, Sin.",0.1,0.0,0.1,0.0,0.0,1.8,110.3,374.5
779,-106.25,23.35,SIN,SQRSI,"Siqueros, Sin.",0.01,0.01,0.0,0.0,0.01,1.3,119.4,263.42
780,-108.13,26.9,SIN,TBRSI,"San Francisco, Sin.",34.7,22.52,15.81,0.0,0.0,11.3,100.9,116.02
781,-105.85,23.09,SIN,TORSI,"Las Tortugas, Sin.",0.0,0.0,0.0,0.0,0.0,7.2,111.5,449.4
782,-107.06,24.75,SIN,VINSI,"Vinoramas, Sin.",0.01,0.0,0.01,0.0,0.0,23.01,218.0,269.01
783,-108.36,25.74,SIN,ZOPSI,"El Zopilote, Sin.",5.41,0.0,6.0,0.0,0.0,0.0,76.5,237.0
784,-98.96,21.75,SLP,BLMSL,"Ballesmi, S.L.P.",53.0,21.2,59.6,0.4,26.4,113.6,19.8,11.4
785,-99.24,21.91,SLP,GANSL,"Gallinas, S.L.P.",25.4,13.4,12.4,0.0,10.0,194.8,9.0,77.2
786,-100.82,21.88,SLP,IVGSL,"Valentín Gama, S.L.P.",3.4,0.0,0.6,2.5,0.17,75.86,16.7,83.45
787,-100.64,23.66,SLP,MATSL,"Matehuala, S.L.P.",3.54,1.03,13.93,0.05,166.76,247.04,34.1,51.37
788,-99.16,22.12,SLP,MICSL,"Micos, S.L.P.",111.1,9.6,22.1,0.4,71.6,280.3,63.0,71.2
789,-98.8,21.33,SLP,MTPSL,"Matlapa, S.L.P.",29.4,56.5,68.3,1.7,39.1,409.2,49.2,97.1
790,-99.32,22.52,SLP,NRJSL,"Naranjos, S.L.P.",19.4,4.4,34.4,4.8,68.7,157.0,74.4,19.4
791,-100.76,21.85,SLP,OCTSL,"Ojo Caliente, S.L.P.",3.4,0.0,0.6,2.5,0.17,75.86,16.7,83.45
792,-99.83,21.65,SLP,PMYSL,"Pedro Montoya (San Ciro), S.L.P.",3.85,0.01,2.74,2.51,24.0,88.42,3.2,15.0
793,-98.94,21.85,SLP,PUJSL,"El Pujal, S.L.P.",24.8,9.6,36.6,0.6,49.4,129.2,22.4,64.4
794,-98.89,21.42,SLP,RQTSL,"Requetemu, S.L.P.",79.4,31.2,45.4,3.8,73.4,310.6,18.4,77.2
795,-100.0,21.93,SLP,RVDSL,"Río Verde, S.L.P.",8.7,0.5,5.11,0.0,2.4,72.5,7.3,52.7
796,-101.0,22.2,SLP,SGRSL,"Soledad Graciano, S.L.P.",0.01,0.3,1.01,11.2,2.9,185.5,6.8,71.31
797,-101.02,22.15,SLP,SLPSL,"San Luis Potosí, S.L.P.",0.2,0.0,1.4,1.8,2.0,189.0,14.5,65.3
798,-99.06,22.02,SLP,STRSL,"Santa Rosa, S.L.P.",11.6,4.5,32.8,0.1,22.01,125.7,19.4,30.02
799,-98.62,21.69,SLP,SVTSL,"San Vicente, S.L.P.",34.0,7.4,28.2,0.0,39.6,99.4,19.8,3.0
800,-98.86,21.25,SLP,TBLSL,"Tierra Blanca, S.L.P.",68.3,17.0,37.2,0.6,12.6,386.4,58.6,102.67
801,-98.77,22.0,SLP,TMISL,"Tamuín, S.L.P.",19.4,4.8,26.0,0.0,7.6,91.6,78.6,23.9
802,-98.76,21.24,SLP,TMTSL,"Temamatla, S.L.P.",89.4,35.6,48.0,1.0,27.8,351.3,26.4,44.6
803,-110.23,29.82,SON,ACNSO,"Aconchi, Son.",24.51,32.0,52.51,0.0,11.0,0.01,157.5,75.51
804,-102.37,21.78,SON,AGCSO,"Agua Caliente, Son.",20.5,8.5,10.01,0.0,0.0,0.01,71.0,62.52
805,-108.94,27.02,SON,ALMSO,"Álamos, Son.",3.01,4.2,0.01,0.0,0.0,0.0,236.1,51.11
806,-111.73,30.72,SON,ALTSO,"Altar, Son.",6.01,55.91,25.01,0.01,4.0,0.0,24.2,24.7
807,-109.89,27.82,SON,AOBSO,"Álvaro Obregón, Son.",14.51,7.02,12.01,0.0,0.0,0.01,53.6,90.3
808,-109.11,27.23,SON,ARCSO,"Adolfo Ruíz Cortínes, Son.",20.1,3.92,13.5,0.0,0.0,0.0,163.2,97.22
809,-109.09,30.07,SON,ARISO,"Aribabi, Son.",39.31,78.02,84.02,1.2,4.91,0.01,148.3,140.42
810,-110.92,29.08,SON,ARLSO,"Abelardo Rodríguez Lujan, Son.",25.7,29.11,16.41,0.0,0.01,0.01,87.1,107.02
811,-110.17,30.34,SON,ARZSO,"Arizpe, Son.",32.0,35.5,49.0,3.5,4.0,0.0,178.0,84.01
812,-108.93,30.36,SON,BCRSO,"Bacerac, Son.",27.32,10.52,37.01,1.5,8.0,0.01,123.0,128.92
813,-109.62,27.42,SON,CCRSO,"Cocoraque, Son.",5.82,7.82,15.9,0.0,0.0,0.0,156.4,156.25
814,-111.52,30.87,SON,CHTSO,"Cuauhtémoc, Son.",40.02,93.5,52.5,3.5,18.01,0.0,6.5,58.51
815,-110.74,29.47,SON,CJNSO,"El Cajón, Son.",27.51,32.81,28.03,1.0,0.0,0.0,103.9,112.04
816,-110.29,30.98,SON,CNNSO,"Cananea, Son.",34.3,39.4,31.01,0.0,12.2,6.11,54.3,216.94
817,-109.94,27.5,SON,COBSO,"Ciudad Obregón, Son.",17.71,9.2,7.5,0.0,0.01,0.01,118.8,123.32
818,-109.23,29.2,SON,ECBSO,"El Cubil, Son.",13.6,34.42,40.5,0.0,11.9,0.0,114.6,119.61
819,-110.8,27.95,SON,EPLSO,"Empalme, Son.",7.2,3.1,12.2,0.0,0.0,0.0,26.5,24.91
820,-110.85,27.95,SON,GYMSO,"Guaymas, Son.",10.3,11.02,21.2,0.0,0.01,0.02,17.4,30.14
821,-110.92,29.07,SON,HM2SO,"Observatorio de Hermosillo, Son.",25.7,29.11,16.41,0.0,0.01,0.01,87.1,107.02
822,-110.93,29.07,SON,HMNSO,"Hermosillo, Son.",25.7,26.7,16.92,0.0,20.0,0.01,95.9,158.23
823,-108.96,30.21,SON,HSHSO,"Huachinera, Son.",49.0,81.01,108.01,9.0,21.0,0.0,185.0,216.01
824,-110.89,30.76,SON,IMRSO,"Imuris, Son.",28.7,42.61,37.8,0.0,1.01,3.21,37.2,106.21
825,-110.4,28.43,SON,IRASO,"Ignacio R. Alatorre, Son.",8.9,20.0,26.51,0.0,0.0,0.0,52.3,93.81
826,-109.38,30.44,SON,LCDSO,"Lázaro Cárdenas, Son.",17.0,22.6,66.4,0.0,3.6,0.0,76.4,111.72
827,-110.14,29.0,SON,MZTSO,"Mazatán, Son.",3.0,37.02,49.02,0.0,9.0,0.0,126.5,147.53
828,-110.95,31.32,SON,NGLSO,"Nogales, Son.",19.9,43.6,25.6,5.6,0.6,0.0,112.0,105.8
829,-109.44,27.07,SON,NVJSO,"Navojoa, Son.",22.42,2.8,20.01,0.0,0.0,0.01,78.1,116.41
830,-112.85,31.87,SON,NYNSO,"Sonoyta, Son.",3.72,54.62,29.5,0.0,3.0,0.0,31.8,0.0
831,-110.71,29.23,SON,ORGSO,"El Oregano, Son.",9.11,36.11,26.01,0.01,1.61,0.01,69.7,231.51
832,-109.08,29.43,SON,PDNSO,"Paso Nacori, Son.",11.11,27.41,30.33,1.2,0.01,0.0,139.7,53.61
833,-109.64,28.98,SON,PECSO,"Plutarco Elías Calles, Son.",14.0,71.3,46.52,0.0,0.0,0.0,130.3,63.52
834,-110.73,29.21,SON,PMOSO,"Ing. Rodolfo Félix Valdés, Son.",20.71,34.02,19.52,1.0,0.02,0.01,44.0,189.54
835,-110.31,28.47,SON,PTASO,"Punta de Agua 2, Son.",8.82,19.42,22.73,0.0,0.01,0.01,108.7,76.63
836,-112.12,30.7,SON,PTQSO,"Pitiquito, Son.",4.01,22.52,8.01,0.02,10.0,0.0,35.5,41.02
837,-111.02,30.05,SON,QRBSO,"Querobabi, Son.",21.5,9.05,24.03,0.1,0.02,3.0,85.7,107.01
838,-108.88,27.41,SON,SBNSO,"San Bernardo, Son.",3.2,12.8,0.0,0.0,0.0,0.02,140.0,148.03
839,-110.24,28.71,SON,SJPSO,"San José de Pimas, Son.",17.0,14.02,30.03,0.0,0.0,0.0,131.5,127.51
840,-111.45,30.39,SON,SRSSO,"Santa Rosa 2, Son.",30.52,47.83,36.21,2.5,0.01,0.0,38.9,183.25
841,-109.5,29.53,SON,TPCSO,"Tepache, Son.",6.51,28.51,28.45,0.01,0.01,0.02,120.1,166.94
842,-109.21,27.66,SON,TSOSO,"Tesocoma, Son.",12.1,12.41,15.3,0.0,0.0,2.5,129.9,177.01
843,-110.29,27.64,SON,VCMSO,"Vícam, Son.",9.5,6.33,14.01,0.0,0.01,0.01,42.0,170.93
844,-108.93,28.37,SON,YCRSO,"Yécora, Son.",29.52,54.82,34.21,0.0,0.01,0.02,194.7,122.05
845,-91.48,17.43,TAB,BDCTB,"Boca del Cerro, Tab.",100.2,13.3,44.7,9.1,107.8,407.8,77.0,90.0
846,-93.41,17.81,TAB,CARTB,"Cárdenas, Tab.",198.5,99.0,138.5,10.0,2.1,311.6,104.0,50.5
847,-91.23,17.29,TAB,CUSUMACINTA,"Cañón Usumacinta, Tab. SMN*",66.0,27.4,22.8,31.6,114.0,206.6,87.2,94.8
848,-92.92,17.98,TAB,EMUTB,"Villahermosa Muelle, Tab.",216.9,169.0,82.3,4.7,12.4,135.2,65.6,39.96
849,-92.81,18.04,TAB,EPOTB,"El Porvenir, Tab.",199.8,132.0,59.8,3.8,7.5,103.1,103.5,25.4
850,-93.0,17.98,TAB,GONTB,"González, Tab.",167.3,127.7,87.3,2.0,14.0,175.8,94.6,33.5
851,-92.6,17.77,TAB,MACTB,"Macuspana, Tab.",134.8,79.7,33.5,16.6,110.2,327.5,122.6,92.8
852,-92.75,17.39,TAB,OXOTB,"Oxolotán, Tab.",217.3,124.5,186.6,60.9,77.2,295.3,134.0,83.4
853,-93.39,17.77,TAB,PAREDON,"Paredón HC, Tab. SGT*",72.8,78.8,69.2,17.2,76.6,198.4,125.4,167.8
854,-92.88,17.85,TAB,PNVTB,"Pueblo Nuevo, Tab.",125.85,145.3,115.3,8.8,47.9,116.3,64.3,67.0
855,-92.94,17.57,TAB,PUYTB,"Puyacatengo, Tab.",274.7,241.3,191.0,75.3,139.4,440.7,118.8,233.0
856,-93.29,17.98,TAB,SAMTB,"Samaria, Tab.",89.9,83.2,126.6,5.1,5.7,153.9,157.8,54.5
857,-92.97,17.57,TAB,TEATB,"Teapa, Tab.",235.8,240.7,167.0,54.3,131.2,307.7,121.9,128.8
858,-93.83,17.97,TAB,ZAMAPA2ASECC,"Zamapa 2a. Sección, Tab. Protección Civil*",120.0,40.6,58.6,0.0,22.6,106.2,45.8,33.4
859,-98.56,19.59,TLAX,CPPTL,"Calpulalpan, Tlax.",0.01,8.9,3.8,1.62,21.8,76.92,95.4,64.41
860,-97.77,19.3,TLAX,CUATL,"Cuapiaxtla, Tlax.",0.0,7.92,12.6,20.5,27.7,151.26,96.0,52.3
861,-97.65,19.32,TLAX,ECTTL,"El Carmen Tequexquitla, Tlax.",0.0,9.5,4.0,5.52,23.0,84.55,89.5,92.0
862,-97.91,19.32,TLAX,HMTTL,"Huamantla, Tlax.",0.0,0.01,0.0,14.01,35.2,136.8,123.0,104.8
863,-98.2,19.4,TLAX,OBSTL,"Observatorio de Tlaxcala, Tlax.",0.01,2.8,2.3,23.4,48.62,258.5,227.3,142.61
864,-98.2,19.56,TLAX,SJATL,"San José Atlanga, Tlax.",1.0,13.0,6.0,18.0,14.01,130.0,163.7,106.5
865,-98.24,19.22,TLAX,ZACTL,"Zacatelco, Tlax.",3.5,9.3,0.0,15.7,75.5,244.1,235.9,247.21
866,-97.91,19.2,TLAX,ZITTL,"Zitlaltepec, Tlax.",0.0,15.5,0.0,19.5,54.0,237.01,167.0,110.5
867,-96.84,19.7,VER,ACAVC,"Acatlán, Ver.",53.23,26.03,54.53,6.52,24.55,308.02,80.5,59.76
868,-96.58,19.16,VER,ACTOPANVER,"Actopan, Ver SGT*",19.1,9.3,13.8,10.6,4.0,51.7,25.4,14.0
869,-96.59,19.5,VER,ACTVC,"Actopan, Ver.",26.41,6.4,16.21,6.21,10.9,94.41,91.6,12.2
870,-97.68,20.93,VER,ALAVC,"Álamo Temapache, Ver.",55.01,17.01,34.04,0.01,3.0,82.01,21.0,20.01
871,-97.23,19.76,VER,ALTVC,"Altotonga, Ver.",31.57,73.12,48.71,4.13,43.31,403.31,133.5,160.25
872,-95.44,18.58,VER,ARCVC,"Ángel Rosario Cabada, Ver.",80.08,3.15,33.24,0.1,15.63,269.81,34.3,117.05
873,-96.94,19.59,VER,BANVC,"Banderillas, Ver.",63.0,23.0,104.0,52.0,27.0,128.0,54.0,155.0
874,-96.93,19.48,VER,BRIVC,"Briones, Ver.",47.54,18.12,82.11,57.61,70.83,263.02,221.9,179.34
875,-94.25,17.95,VER,CB2VC,"Planta de Bombeo 2 de La Cangrejera, Ver.",158.5,36.03,27.04,0.0,20.2,119.61,175.0,76.0
876,-95.8,18.3,VER,CCLVC,"Chacaltianguis, Ver.",11.1,2.2,0.0,0.0,20.4,145.7,98.7,117.7
877,-96.99,19.33,VER,CDCVC,"Cosautlán de Carvajal, Ver.",10.02,30.0,187.0,70.01,128.4,425.51,208.0,220.22
878,-96.7,19.43,VER,CEGVC,"Cerro Gordo, Ver.",17.7,0.0,8.3,38.2,18.2,90.8,42.0,7.3
879,-96.85,18.56,VER,CHMVC,"Chicomapa, Ver.",60.83,22.7,69.3,26.9,55.21,243.4,311.7,286.7
880,-98.16,21.74,VER,CHYVC,"Paso de Piedras, Ver.",80.01,8.7,20.4,0.0,0.02,70.01,44.9,8.8
881,-94.41,18.15,VER,COATZACOALCOmar,"Coatzacoalcos, Ver. SEMAR*",141.29,9.87,4.79,0.25,14.7,150.8,128.5,62.72
882,-96.94,19.45,VER,COAVC,"Coatepec, Ver.",29.28,22.31,53.6,43.62,153.03,197.21,135.7,151.51
883,-94.4,18.1,VER,COTVC,"Coatzacoalcos, Ver.",250.7,2.0,3.8,4.6,12.7,196.3,85.3,145.9
884,-96.37,19.36,VER,CRDVC,"Cardel, Ver.",13.01,2.9,11.91,3.52,42.2,146.52,75.7,24.21
885,-95.3,18.14,VER,CTTVC,"Coatotolapan, Ver.",21.12,0.01,1.1,8.0,20.5,96.85,186.5,139.6
886,-97.46,21.77,VER,ELHIGO,"El Higo, Ver. SGT*",75.0,4.2,23.8,0.0,32.2,142.2,108.0,11.4
887,-98.5,21.83,VER,ELOLIVO,"El Olivo, Ver. SGT*",30.0,16.4,18.2,0.0,4.4,38.0,54.4,3.0
888,-96.36,19.41,VER,ENRVC,"El Naranjillo, Ver.",20.0,0.0,0.0,0.0,46.0,175.0,82.5,24.0
889,-96.16,19.07,VER,ETEVC,"El Tejar, Ver.",27.38,0.71,0.0,3.0,50.11,186.8,184.8,67.41
890,-95.56,18.27,VER,GARVC,"Garro, Ver.",34.7,2.51,1.0,0.0,8.5,155.51,103.5,95.5
891,-98.44,21.78,VER,HGOVC,"El Higo, Ver.",75.0,4.2,32.0,0.0,27.8,130.8,108.6,11.4
892,-98.27,21.16,VER,HLSVC,"Los Hules, Ver.",39.8,8.4,27.6,0.6,10.4,144.6,20.0,24.6
893,-96.95,19.18,VER,HTSVC,"Huatusco, Ver.",30.01,16.52,49.7,50.11,48.31,298.3,269.9,134.1
894,-98.48,20.53,VER,HUYVC,"Huayacocotla, Ver.",38.5,33.0,20.0,52.0,19.0,253.5,97.0,83.0
895,-96.55,19.4,VER,IDOVC,"Ídolos, Ver.",6.14,0.4,2.62,1.72,9.31,64.6,94.4,11.12
896,-94.67,17.95,VER,JALVC,"Jaltipán, Ver.",62.2,3.0,2.1,0.0,4.5,69.3,131.3,166.2
897,-96.24,19.04,VER,JAMAPA,"Jamapa, Ver. SGT*",9.8,1.0,0.1,3.9,45.2,181.8,152.2,57.9
898,-95.03,17.43,VER,JCRVC,"Jesús Carranza, Ver.",50.23,13.2,0.0,0.01,1.0,102.85,106.0,335.5
899,-94.09,17.87,VER,JDCVC,"San José del Carmen, Ver.",86.2,5.1,30.5,0.0,40.3,178.5,177.8,146.9
900,-97.02,19.6,VER,JOYVC,"La Joya, Ver.",37.72,22.4,68.1,8.84,91.84,443.81,357.0,302.92
901,-95.35,18.25,VER,LAUVC,"Lauchapan, Ver.",23.82,1.21,0.51,0.0,138.4,215.9,428.1,161.82
902,-94.33,18.11,VER,LCAVC,"La Cangrejera, Ver.",131.51,27.03,23.04,0.0,19.5,141.02,144.0,125.03
903,-95.12,18.42,VER,LDCVC,"Canseco, Ver.",37.8,0.7,0.3,6.1,2.7,165.6,104.8,125.2
904,-97.23,18.92,VER,LGRVC,"Loma Grande, Ver.",0.0,2.0,5.0,27.0,102.0,224.01,190.0,105.0
905,-96.98,20.05,VER,LIBVC,"Libertad, Ver.",60.45,41.72,104.92,0.0,7.71,158.81,18.4,15.44
906,-94.92,17.42,VER,LPEVC,"Las Perlas, Ver.",46.11,4.0,1.8,0.01,3.7,133.4,159.2,280.8
907,-97.1,19.65,VER,LVRVC,"Las Vigas de Ramírez, Ver.",28.3,22.7,22.2,3.5,22.3,216.3,149.4,96.3
908,-97.05,20.07,VER,MDTVC,"Martínez de la Torre, Ver.",28.62,28.51,72.6,0.01,4.54,146.54,42.0,24.82
909,-96.33,19.15,VER,MFAVC,"Manlio Fabio Altamirano, Ver.",0.02,0.02,0.0,30.0,16.03,64.04,129.0,41.02
910,-98.04,20.83,VER,MILVC,"Milcahual, Ver.",11.8,27.8,29.21,0.0,23.1,261.81,114.1,38.1
911,-94.77,18.14,VER,MNZVC,"Minzapan, Ver.",36.67,2.31,0.03,0.04,11.02,194.62,92.0,80.91
912,-96.83,19.93,VER,MZNVC,"Misantla, Ver.",70.03,58.95,136.05,1.51,58.21,159.9,154.9,63.43
913,-96.87,19.65,VER,NAOVC,"Naolinco, Ver.",40.86,9.43,62.71,20.12,40.73,208.94,86.5,177.13
914,-98.51,21.84,VER,OLVVC,"El Olivo, Ver.",31.8,3.0,33.4,0.0,4.8,35.6,54.4,2.4
915,-97.1,18.85,VER,ORZVC,"Orizaba, Ver.",11.65,39.03,44.82,9.33,104.23,390.13,167.1,199.15
916,-96.97,19.55,VER,OTIVC,"Otilpan, Ver.",56.6,11.3,109.0,75.4,35.8,281.7,121.8,194.0
917,-98.18,22.06,VER,PANUCO,"Pánuco, Ver. SGT*",43.2,4.8,15.6,0.2,34.8,171.6,12.8,22.2
918,-94.38,18.1,VER,PB3VC,"Planta de Bombeo 3 de La Cangrejera, Ver.",116.22,8.52,14.0,0.0,14.5,174.5,114.4,121.01
919,-94.19,17.87,VER,PCNVC,"Planta de Bombeo 1 de La Cangrejera, Ver.",113.03,20.02,42.02,5.52,27.0,107.53,208.0,95.03
920,-97.81,21.18,VER,PEMVC,"Presa el Moralillo, Ver.",62.5,35.0,158.5,2.5,14.5,58.6,46.0,0.0
921,-98.17,22.05,VER,PNCVC,"Pánuco, Ver.",43.4,4.8,18.2,0.2,33.9,169.6,12.8,22.2
922,-97.32,20.45,VER,PPNVC,"Papantla, Ver.",31.51,5.71,32.64,5.0,0.0,59.32,45.0,0.0
923,-97.48,20.54,VER,PRCVC,"Poza Rica, Ver.",18.02,3.72,44.5,0.0,0.7,34.62,45.8,1.8
924,-98.34,21.29,VER,PSNVC,"Platón Sánchez, Ver.",64.4,10.2,38.6,0.4,23.2,154.2,32.0,2.0
925,-96.8,18.89,VER,PTNVC,"Potrero Nuevo, Ver.",24.54,14.01,20.03,20.31,64.51,352.41,337.2,297.03
926,-95.63,18.72,VER,RALVC,"Radar Alvarado, Ver.",41.62,5.6,1.51,2.5,12.5,226.81,60.5,28.7
927,-95.18,18.45,VER,SIHVC,"Sihuapán, Ver.",51.9,0.0,2.8,2.5,4.8,217.6,71.9,102.8
928,-95.13,17.88,VER,SJEVC,"San Juan Evangelista, Ver.",38.23,1.13,18.42,0.31,27.21,160.7,186.7,191.22
929,-95.03,18.52,VER,SONVC,"Sontecomapan, Ver.",181.53,25.3,25.72,11.91,22.51,327.6,253.0,67.42
930,-96.49,19.34,VER,TAMVC,"Tamarindo, Ver.",40.0,0.0,15.01,10.0,5.01,83.0,10.0,10.0
931,-96.97,19.45,VER,TAPVC,"Tapachapan, Ver.",45.51,34.93,81.5,69.8,145.31,301.4,167.0,184.2
932,-96.35,18.45,VER,TBLVC,"Tierra Blanca, Ver.",32.7,0.5,0.7,17.9,27.8,190.6,169.4,94.8
933,-96.97,19.38,VER,TCOVC,"Teocelo, Ver.",57.0,42.0,153.0,38.0,70.0,242.0,259.0,209.0
934,-98.41,21.5,VER,TEMPOAL,"Tempoal Veracruz, Ver. SGT*",29.0,9.2,23.0,0.0,9.0,146.4,0.0,0.0
935,-94.16,17.57,VER,TMOVC,"Tierra Morada, Ver.",178.5,63.0,38.0,4.0,20.0,102.1,226.8,145.2
936,-98.38,21.52,VER,TMPVC,"Tempoal, Ver.",33.6,9.2,30.1,0.0,8.8,153.6,36.9,0.0
937,-97.22,19.92,VER,TOMVC,"Tomata, Ver.",56.85,67.34,87.82,3.01,68.13,232.23,163.2,139.5
938,-96.95,19.23,VER,TOTVC,"Totutla, Ver.",14.72,19.45,57.02,13.9,87.29,323.49,237.2,93.68
939,-98.14,21.04,VER,TRRVC,"Terrerillos, Ver.",12.8,8.0,28.0,0.2,2.6,243.0,30.6,0.0
940,-97.4,20.96,VER,TXPVC,"Tuxpan, Ver.",64.21,11.28,48.61,4.53,100.23,159.82,28.0,14.01
941,-95.42,18.47,VER,TZAVC,"Tres Zapotes, Ver.",47.21,5.01,32.01,8.5,6.51,151.5,70.5,32.0
942,-96.11,19.15,VER,VERVC,"Veracruz, Ver.",31.92,2.7,0.0,2.82,17.62,180.8,170.9,52.75
943,-96.61,19.02,VER,VTEVC,"Villa Tejeda, Ver.",9.6,0.02,0.02,35.0,22.0,119.0,32.0,16.0
944,-96.85,19.55,VER,XCFVC,"Xalapa CFE, Ver.",45.23,8.41,62.8,57.3,71.22,268.22,121.7,205.3
945,-96.94,19.55,VER,XMGVC,"Xalapa Magisterial, Ver.",30.45,16.81,79.5,99.12,91.74,220.55,113.9,172.21
946,-96.92,19.53,VER,XOBVC,"Observatorio de Xalapa, Ver.",27.01,13.31,41.73,109.25,119.33,261.53,99.3,162.71
947,-96.87,19.51,VER,XOLVC,"Xalapa Olmos, Ver.",29.82,11.72,38.62,103.52,80.03,153.14,47.5,142.42
948,-96.89,19.56,VER,XSUVC,Xalapa sumidero,18.24,8.9,45.31,45.91,81.64,133.34,57.2,265.12
949,-97.42,19.43,VER,ZALVC,"Zalayeta, Ver.",0.0,0.0,0.0,7.5,7.0,68.0,33.0,20.5
950,-89.68,20.65,YUC,ABAYC,"Abala, Yuc.",50.0,27.0,0.01,22.5,57.5,272.0,205.0,161.0
951,-89.22,19.88,YUC,BECYC,"Becanchén, Yuc.",13.01,0.0,10.0,123.5,84.0,48.01,68.5,46.01
952,-89.08,20.46,YUC,CANYC,"Cantamayec, Yuc.",124.5,54.7,19.8,0.0,117.5,54.0,210.9,84.5
953,-89.83,20.75,YUC,CHOYC,"Chocholá, Yuc.",47.4,185.3,1.4,19.9,63.6,404.7,135.8,69.6
954,-89.64,21.03,YUC,CICYC,"Centro de Investigación Científica, Yuc.",31.53,2.5,1.52,8.9,98.3,163.81,129.9,100.91
955,-89.5,21.08,YUC,CONYC,"Conkal, Yuc.",35.2,13.8,30.7,28.3,57.9,229.0,125.0,51.8
956,-87.68,21.51,YUC,CYOYC,"El Cuyo, Yuc.",17.4,35.11,21.82,31.4,45.2,23.21,18.5,106.61
957,-89.58,20.98,YUC,EZAYC,"Emiliano Zapata, Yuc.",18.2,11.8,0.31,44.2,120.6,258.0,218.0,80.21
958,-89.64,20.94,YUC,FAEYC,"Fuerza Aérea, Yuc.",19.12,11.91,3.51,27.6,90.6,190.22,53.8,84.11
959,-89.66,20.98,YUC,GARYC,"Organismo de Cuenca Península de Yucatán, Yuc.",18.13,0.3,5.41,68.0,110.22,225.83,175.7,124.53
960,-89.65,20.95,YUC,MEOYC,"Observatorio de Mérida, Yuc.",20.54,2.62,2.91,50.2,130.11,284.01,97.4,131.22
961,-89.44,21.11,YUC,MOCYC,"Mococha, Yuc.",28.9,5.4,52.3,4.3,90.1,291.7,152.1,95.9
962,-89.71,20.49,YUC,MUNYC,"Muna, Yuc.",21.62,8.21,0.0,17.2,16.41,199.0,178.4,187.8
963,-89.39,20.29,YUC,OXKYC,"Oxkutzcab, Yuc.",16.02,48.5,23.01,1.0,76.02,241.5,71.0,237.01
964,-88.93,20.13,YUC,PETYC,"Peto, Yuc.",48.03,32.01,14.0,25.01,86.0,117.04,118.0,109.03
965,-89.65,21.28,YUC,PROYC,"Progreso, Yuc.",15.91,2.41,3.6,35.6,18.9,132.5,71.4,70.21
966,-88.16,21.57,YUC,RILYC,"Río Lagartos, Yuc. SMN*",21.2,35.2,52.8,8.8,4.8,50.0,69.0,39.4
967,-88.16,21.57,YUC,RLAYC,"Río Lagartos, Yuc.",36.01,36.71,56.1,6.8,5.3,54.8,75.6,42.9
968,-89.56,20.4,YUC,TICYC,"Ticul, Yuc.",51.82,39.8,18.7,11.4,24.9,211.71,156.6,122.72
969,-88.17,21.16,YUC,TIZYC,"Tizimín, Yuc.",52.12,62.0,0.7,3.61,26.91,186.11,121.3,109.52
970,-88.2,20.69,YUC,VALYC,"Valladolid, Yuc.",57.4,28.03,28.1,8.9,28.71,46.8,107.9,121.63
971,-103.23,22.33,ZAC,ACHZC,"Achimec, Zac.",26.6,0.01,0.01,0.0,0.01,87.32,96.6,108.72
972,-103.46,21.81,ZAC,ATGZC,"Atolinga, Zac.",9.72,1.5,2.5,0.0,0.0,58.5,238.5,145.02
973,-102.95,22.82,ZAC,BTEZC,"Ramón López Velarde, Zac.",12.2,0.0,0.3,0.0,0.0,27.1,56.8,117.7
974,-102.9,22.0,ZAC,CHIZC,"El Chique, Zac.",20.42,0.0,0.0,0.0,7.1,65.5,232.2,96.0
975,-103.1,23.69,ZAC,ELCZC,"El Cazadero, Zac.",7.51,2.51,0.0,0.01,5.8,24.81,59.7,37.03
976,-102.04,22.67,ZAC,ELSZC,"El Saladillo, Zac.",6.02,0.0,6.01,0.0,0.02,57.53,38.6,51.31
977,-103.35,21.65,ZAC,EXCZC,"Miguel Alemán, Zac.",10.43,0.02,0.01,0.0,10.0,33.34,334.0,117.91
978,-102.89,23.17,ZAC,FREZC,"Fresnillo, Zac.",10.7,0.0,2.0,0.0,0.0,19.9,32.1,193.0
979,-102.51,22.75,ZAC,GPEZC,"Guadalupe, Zac.",8.01,7.31,5.31,0.0,5.8,80.2,68.2,85.21
980,-102.57,22.78,ZAC,LBUZC,"La Bufa, Zac.",7.7,0.0,3.6,0.0,0.0,43.1,81.8,54.0
981,-103.6,22.69,ZAC,LFLZC,"La Florida, Zac.",2.51,0.0,0.0,0.0,0.0,20.0,136.1,140.03
982,-102.66,23.0,ZAC,LLBZC,"Llano Blanco, Zac.",20.8,0.0,1.71,0.0,0.0,49.43,59.4,140.52
983,-103.38,22.85,ZAC,LOBZC,"Manuel Felgueres, Zac.",13.5,0.0,0.0,0.0,2.0,27.5,121.2,143.5
984,-101.99,22.26,ZAC,LORZC,"Loreto, Zac.",13.61,0.0,0.0,0.0,6.1,48.7,42.9,86.6
985,-103.22,23.18,ZAC,LREZC,"Gobernador Leobardo Reynoso, Zac.",8.0,0.0,0.0,0.0,1.2,23.6,44.8,68.9
986,-103.56,22.31,ZAC,MRSZC,"Monte Escobedo, Zac.",6.02,0.8,0.0,0.0,0.0,52.2,129.9,85.51
987,-102.85,21.36,ZAC,NCTZC,"Nochistlán, Zac.",29.7,0.8,0.0,0.0,0.0,40.02,198.1,143.0
988,-102.8,22.35,ZAC,PALZC,"Palomas, Zac.",9.8,0.5,5.6,0.0,0.0,78.6,156.9,117.7
989,-101.4,22.12,ZAC,PINZC,"Pino Suárez, Zac.",3.5,0.0,0.0,0.0,3.2,63.7,81.5,172.4
990,-102.9,21.71,ZAC,PMOZC,"Moraleños, Zac.",15.7,0.0,0.0,0.0,1.01,83.01,175.4,99.01
991,-103.03,23.82,ZAC,RGRZC,"Río Grande, Zac.",3.61,0.01,1.82,0.01,9.11,25.74,98.3,48.25
992,-102.88,24.32,ZAC,SFOZC,"San Francisco, Zac.",9.7,0.01,2.01,0.01,2.32,51.13,20.4,9.64
993,-103.51,24.29,ZAC,SGOZC,"Santiago, Zac.",5.0,0.0,0.0,0.0,0.4,53.12,52.6,98.41
994,-103.64,23.64,ZAC,SOMZC,"Sombrerete, Zac.",1.6,0.0,0.5,0.0,2.8,25.2,73.2,132.6
995,-103.5,22.33,ZAC,STEZC,"Santa Teresa (Independencia Nacional), Zac.",6.0,0.0,0.01,0.0,1.0,46.2,162.1,112.1
996,-103.11,22.92,ZAC,STRZC,"Santa Rosa, Zac.",18.52,3.6,0.01,0.0,4.21,49.6,81.2,93.6
997,-102.86,22.12,ZAC,TAYZC,"Ing. Julián Adame Alatorre, Zac.",13.5,0.0,0.0,0.0,0.0,61.11,110.1,94.62
998,-103.88,23.47,ZAC,TCHZC,"Chalchihuites, Zac.",3.0,0.0,0.0,0.0,4.0,63.0,173.0,72.0
999,-103.31,21.77,ZAC,TLLZC,"Tlaltenango, Zac.",14.02,0.01,0.4,0.0,0.02,65.43,227.8,112.91
1000,-101.72,22.35,ZAC,VHGZC,"Villa Hidalgo, Zac.",9.7,2.5,4.01,0.0,4.51,49.3,72.4,69.7
1001,-103.34,21.59,ZAC,VILZC,"José María Morelos, Zac.",15.2,0.0,0.01,0.0,0.0,29.01,213.2,188.8
